登记日期,消费者联系电话,姓名,企业名称,统一社会信用码,商品/服务名称,争议发生时间,具体问题,市场监管反馈内容,投诉举报问题及咨询范围名称,投诉举报问题明细或咨询范围名称,客体类别,客体类别全称
2025-03-05,1375269****,李**,华为技术有限公司,91440300192317527N,华为Mate60手机,2025-03-01,本人于2024年12月在华为官方旗舰店购买的Mate60手机，使用三个月后出现严重发热和电池快速耗尽问题，联系客服多次未得到有效解决，要求更换同型号新机或退款。,,电子产品质量问题,投诉问题类别->质量->电子产品质量问题,通讯设备,商品（产品）->电子电器->通讯设备
2025-01-15,1390876****,王**,北京嘀嘀无限科技发展有限公司,91110108585856034C,滴滴打车服务,2025-01-10,2025年1月10日晚上使用滴滴打车从北京西站到朝阳区，司机故意绕路，且态度恶劣，投诉到平台后未得到合理解决，要求退还多收费用并赔偿。,,服务态度与收费问题,投诉问题类别->服务->服务态度与收费问题,网约车服务,服务->交通运输服务->网约车服务
2025-04-02,1356782****,张**,苏宁易购集团股份有限公司,91320000608950987L,海尔冰箱BCD-470WDPG,2025-03-25,2025年2月通过苏宁易购购买海尔冰箱，收到后发现有明显凹痕，申请退换货被拒，客服推诿责任，要求退货退款或更换无损商品。,,售后服务问题,投诉问题类别->服务->售后服务问题,家用电器,商品（产品）->电子电器->家用电器
2025-02-10,1387654****,刘**,,,食品安全标准咨询,2025-02-08,想了解关于进口食品标签标识的相关规定，特别是对于过敏原标注的要求，以及不符合规定的处罚措施。,,食品安全咨询,咨询范围->食品安全咨询->标准法规,进口食品,商品（产品）->食品->进口食品
2025-05-12,1399876****,陈**,小米科技有限责任公司,91110108551385082Q,小米13手机,2025-05-05,2025年4月购买的小米13手机，使用一个月后出现频繁死机、重启问题，送修后被告知是主板问题但不属于保修范围，要求免费维修或更换。,,电子产品质量问题,投诉问题类别->质量->电子产品质量问题,通讯设备,商品（产品）->电子电器->通讯设备
