产品类别,产品名称,产品品牌,产品型号,产品产地,购买日期,产品应用场景,缺陷描述,是否造成伤害,伤害类别,缺陷简述,评估原因,评估-产品品牌,评估-产品型号,评估-产品类别,产品分类标签,缺陷线索报告描述标签,（一级标签）,故障等级,案例首次会商编号/新案例编号
,,小米,Mi Bike Pro,中国,2024-05-12,城市道路,2024年6月15日，电动自行车在正常行驶过程中，突然刹车失灵，导致骑行者撞上路边护栏，造成左腿擦伤和右肩脱臼。检查发现刹车线路存在松动问题。,是,撞击伤害,电动自行车刹车系统存在设计缺陷，刹车线路容易松动，在紧急情况下可能完全失效，存在严重安全隐患。,消费品通过,小米,Mi Bike Pro,电动自行车,电动自行车,刹车失灵,制造缺陷,高,XFPHS2024110002
,,捷安特,ATX 860,台湾,2024-04-23,山地骑行,2024年6月28日，骑行者在下坡过程中，自行车前叉突然断裂，导致骑行者失去控制摔倒，造成多处擦伤和左手腕骨折。,是,摔伤伤害,山地自行车前叉焊接处存在材料疲劳问题，在承受冲击时容易断裂，导致骑行者失控摔伤。,消费品通过,捷安特,ATX 860,山地自行车,自行车,结构断裂,材料缺陷,高,XFPHS2024110003
,,美的,KFR-35GW/BP3DN8Y,中国,2024-03-15,家庭使用,2024年7月2日，空调在运行过程中突然冒烟并发出异响，随后起火，导致用户右手被烫伤，所幸火势被及时扑灭。,是,烫伤,空调内部电路板设计存在缺陷，在长时间运行后容易过热，导致电路短路引发火灾，存在严重安全隐患。,消费品通过,美的,KFR-35GW/BP3DN8Y,空调,家用电器,电路短路,设计不合理,高,XFPHS2024110004
,,飞利浦,HD9252/90,荷兰,2024-05-05,厨房,2024年7月5日，空气炸锅在使用过程中，底部突然爆裂，碎片飞溅导致用户面部和手部多处划伤。,是,划伤,空气炸锅底部材料存在质量问题，在高温下容易发生爆裂，产品耐热性能不达标，存在安全隐患。,消费品通过,飞利浦,HD9252/90,厨房电器,厨房电器,材料爆裂,材料缺陷,高,XFPHS2024110005
,,欧姆龙,HEM-7156,日本,2024-02-18,家庭医疗,2024年6月20日，电子血压计在使用过程中突然过度加压，导致用户手臂血管破裂，造成严重淤青和疼痛。,是,压伤,电子血压计压力控制系统存在设计缺陷，在某些情况下会失去压力控制，导致过度加压伤害用户。,消费品通过,欧姆龙,HEM-7156,医疗器械,家用医疗设备,压力控制失效,设计不合理,高,XFPHS2024110006
