生产者所在省份,生产者名称,备注,会商案例状态,会商会议结果状态,案例状态（多次记录）,案例处理情况（多次记录）,缺陷线索报告累计量/电商监测总量
广东省,广州优品电器有限公司,,重点,关注并核实-消,202407期上报总局转广东局，已回复,广东省2024/11/15回复，202407期，省局回复送达《消费品调查分析通知书》，企业已完成自查并提交检测报告，未发现产品存在安全隐患，线索信息有限，建议企业加强产品质量控制。,2
浙江省,杭州家电科技有限公司,产品质量问题,一般,需要进一步调查,202406期上报总局转浙江局，处理中,浙江省2024/10/28回复，202406期，企业已收到调查通知，正在对相关批次产品进行全面检查，预计两周内提交自查报告和整改方案。,3
江苏省,南京智能家居有限公司,,重点,关注并核实-消,202408期上报总局转江苏局，已回复,江苏省2024/12/05回复，202408期，企业提供了完整检测报告，证明产品符合国家标准，消费者投诉可能与使用不当有关，建议加强产品使用说明。,2
福建省,福州电子科技有限公司,消费者投诉较多,重点,需要立即整改,202407期上报总局转福建局，跟进中,福建省2024/11/20回复，202407期，企业承认部分批次产品存在设计缺陷，已启动召回程序，同时提交了详细整改方案，将对生产线进行技术升级。,5
上海市,上海智慧电器有限公司,,一般,关注并核实-消,202406期上报总局转上海市局，已回复,上海市2024/10/15回复，202406期，企业提供了第三方检测机构的检测报告，未发现产品存在质量问题，建议企业加强售后服务，提高消费者满意度。,2
