翻译日期,召回公告发布日期,召回编号,汽车制造商,车名,国内品牌,涉及车型,对应国内生产者名称,对应国内车型,备案情况说明,召回数量,生产开始日期,生产终止日期,缺陷概述,召回措施,生产国,国外召回申报日期,国外召回开始日期,召回类型,VIN起止码,年款,涉及总成组件（不合格部位）,召回发起者,报告接收日期,记录创建日期,相关法规章节编号,相关联邦机动车安全标准号,车辆零部件型号,车辆零部件制造商,销售开始时间,销售结束时间,来源（网址链接）,进口开始日期,进口结束日期,OECD门户分类,变更或删除,国家
2025-04-12,2024-06-15,24V432000,通用汽车公司,雪佛兰,上汽通用,科尔维特、科迈罗、科鲁兹、探界者、迈锐宝、BOLT EV、BOLT EUV,上汽通用汽车有限公司,科尔维特、科迈罗、科鲁兹、探界者、迈锐宝、BOLT EV、BOLT EUV,企业未确认,27650,,,通用汽车公司正在召回部分2023-2024年款雪佛兰科尔维特、科迈罗、科鲁兹、探界者、迈锐宝、BOLT EV和BOLT EUV车型。这些车辆的电子制动控制模块(EBCM)可能存在软件缺陷，导致防抱死制动系统(ABS)在某些驾驶条件下可能无法正常工作。如果ABS失效，可能会增加紧急制动时发生碰撞的风险。,经销商将免费更新电子制动控制模块软件。车主通知信已于2024年8月10日邮寄。车主可联系雪佛兰客服中心，电话：1-800-222-1020。通用汽车此次召回编号为N242308760。,美国,2024-06-15,2024-07-01,整车,,2023-2024,制动系统,通用汽车公司,2024-06-15,2024-06-15,135,126,GM45872,博世汽车部件,2023-01-15,2024-05-30,https://www.nhtsa.gov/recalls?nhtsaId=24V432000,,,汽车,,01美国
2025-03-18,2024-05-20,24V387000,本田汽车公司,本田,东风本田、广汽本田,思域、雅阁、CR-V、飞度、奥德赛,东风本田汽车有限公司、广汽本田汽车有限公司,思域、雅阁、CR-V、飞度、艾力绅,企业未确认,41265,,,本田汽车公司正在召回部分2023-2024年款本田思域、雅阁、CR-V、飞度和奥德赛车型。这些车辆的前排座椅安全带预紧器可能在制造过程中未正确组装，可能导致安全带在碰撞事故中无法正常工作，增加乘员受伤的风险。,经销商将免费检查并在必要时更换前排座椅安全带预紧器。车主通知信已于2024年7月15日邮寄。车主可联系本田客服中心，电话：1-888-234-2138。本田汽车此次召回编号为KOR。,日本,2024-05-20,2024-06-05,整车,,2023-2024,安全带,本田汽车公司,2024-05-20,2024-05-21,209,208,HN78945,高田公司,2023-02-10,2024-04-30,https://www.nhtsa.gov/recalls?nhtsaId=24V387000,2023-03-01,2024-04-15,汽车,,01美国
2025-02-25,2024-04-10,24V289000,福特汽车公司,福特,长安福特,F-150、野马、探险者、林肯领航员、福克斯,长安福特汽车有限公司,福睿斯、锐界、林肯领航员,企业未确认,52780,,,福特汽车公司正在召回部分2022-2024年款福特F-150、野马、探险者、林肯领航员和福克斯车型。这些车辆的燃油泵控制模块可能存在故障，导致发动机在行驶过程中熄火，增加发生碰撞的风险。,经销商将免费更新动力传动控制模块软件，并在必要时更换燃油泵。车主通知信已于2024年6月5日邮寄。车主可联系福特客服中心，电话：1-866-436-7332。福特汽车此次召回编号为24S21。,美国,2024-04-10,2024-04-25,整车,,2022-2024,燃油系统,福特汽车公司,2024-04-10,2024-04-11,301,301,FD56789,博世汽车部件,2022-01-20,2024-03-15,https://www.nhtsa.gov/recalls?nhtsaId=24V289000,2022-02-15,2024-03-01,汽车,,01美国
2025-06-03,2024-08-12,24V612000,现代汽车公司,现代,北京现代,索纳塔、途胜、伊兰特、KONA电动版、IONIQ 5、IONIQ 6,北京现代汽车有限公司,索纳塔、途胜、伊兰特、昂希诺电动版、IONIQ 5、IONIQ 6,企业未确认,38752,,,现代汽车公司正在召回部分2023-2025年款现代索纳塔、途胜、伊兰特、KONA电动版、IONIQ 5和IONIQ 6车型。这些车辆的电子稳定控制系统(ESC)传感器可能存在校准问题，导致系统在某些驾驶条件下无法正确识别车辆侧滑，从而可能增加发生碰撞的风险。,经销商将免费更新电子稳定控制系统软件。车主通知信已于2024年10月5日邮寄。车主可联系现代客服中心，电话：1-855-371-9460。现代汽车此次召回编号为248。,韩国,2024-08-12,2024-08-25,整车,,2023-2025,电子稳定控制系统,现代汽车公司,2024-08-12,2024-08-13,126,126,HY34567,现代摩比斯,2023-01-05,2024-07-30,https://www.nhtsa.gov/recalls?nhtsaId=24V612000,2023-02-10,2024-07-15,汽车,,01美国
