标题,文件编号,通报类型,总成,生产者名称,授权委托企业名称,品牌,车型系列,车型名称,车型型号,缺陷简述,可能造成后果,维修措施,附件,提交时间,添加时间,形式审查时间,发布日期
发动机冷却系统改进,TSBZH_QRJBLHQC2024100015,质量索赔,动力系统,一汽-大众汽车有限公司,一汽-大众汽车有限公司,奥迪,A4L，A6L,2021款40TFSI豪华型，2022款45TFSI quattro尊享型,,在部分2021-2022年产A4L和A6L车型中，发动机冷却系统可能存在水泵密封不良问题。,发动机过热导致性能下降或损坏,更换水泵总成并升级冷却系统控制软件,A0234(G521)-发动机冷却系统改进_技术公告.pdf,2025-04-02 09:13:24.156,2025-04-02 09:13:24.156,2025-04-02 09:13:24.156,2022-10-05
前悬架减震器支架加固,TSBZH_QRJBLHQC2024100023,质量索赔,底盘系统,上汽通用汽车有限公司,上汽通用汽车有限公司,别克,昂科威，昂科威Plus,2020款28T四驱精英型，2021款28T四驱豪华型,,在部分2020-2021年生产的昂科威系列车辆中，前悬架减震器支架可能因材料疲劳产生微裂纹。,行驶过程中出现异响，严重情况下可能影响车辆操控性,更换强化版前悬架减震器支架,B0078(S629)-前悬架减震器支架加固_维修通知.pdf,2025-04-05 10:45:32.784,2025-04-05 10:45:32.784,2025-04-05 10:45:32.784,2022-10-12
变速箱油温传感器更新,TSBZH_QRJBLHQC2024100037,质量索赔,传动系统,长安福特汽车有限公司,长安福特汽车有限公司,福特,锐界，探险者,2022款锐界2.0T四驱尊锐型，2021款探险者2.3T四驱尊享版,,在部分2021-2022年生产的锐界和探险者车型中，变速箱油温传感器可能存在精度偏差问题。,变速箱保护策略可能错误激活，导致换挡不顺畅,更换新一代油温传感器并更新变速箱控制模块软件,F0189(T453)-变速箱油温传感器更新_技术服务公告.pdf,2025-04-08 14:22:18.632,2025-04-08 14:22:18.632,2025-04-08 14:22:18.632,2022-10-25
制动助力系统优化,TSBZH_QRJBLHQC2024100042,质量索赔,制动系统,北京奔驰汽车有限公司,北京奔驰汽车有限公司,奔驰,C级，E级,2021款C260L运动版，2022款E300L豪华型,,在部分2021-2022年生产的C级和E级车型中，电子制动助力系统可能因软件问题导致助力不稳定。,在特定条件下制动助力减弱，增加制动距离,升级制动控制单元软件,M0213(B872)-制动助力系统优化_维修指南.pdf,2025-04-10 11:36:45.291,2025-04-10 11:36:45.291,2025-04-10 11:36:45.291,2022-11-03
