缺陷信息编号,缺陷报告时间,姓名,手机,所在省份,所在城市,消费者提交时间,生产者名称,授权委托企业名称,品牌,车型系列,车辆识别代号(VIN),车型型号,行驶里程[公里(KM)],注册日期,是否三包,车辆是否已备案,燃料类型,车辆类型,产品属性,企业性质,所在总成,缺陷简述,缺陷详述,是否发生交通事故,是否造成人员伤亡,车辆是否起火,缺陷状态,缺陷报告方式,附件,处理人,处理时间,接收省份,接收部门,评估前状态,评估后状态,反馈处理人,时间,处理时长,是否为本公司生产车辆,是/否准确,故障原因分析,处置措施,是/否修复,是/否发布召回公告,是/否发布技术服务公告,是/否具有普遍性,附件.1,形式审查审查人,审查时间,审查前状态,审查后状态
QC202506000070,2025-06-0509:15:22,李四,13987654321,江苏省,南京市,2025-06-02 14:30:00,上汽大众汽车有限公司,上汽大众汽车有限公司,大众,帕萨特系列,LSVAU2323HM371982,SVW7203QSD(帕萨特),32000,2021-08-15,是,是,汽油,乘用车,合资,国有企业,发动机,帕萨特行驶3.2万公里发动机异响,车辆在行驶过程中发动机舱出现异响，尤其是怠速和低速行驶时更为明显，怀疑是正时链条松动或张紧器故障。,否,否,否,首次反馈已提交,协作网(中国网汽车),无,dpac_wangyl,2025-06-14 10:22:45,,上汽大众汽车有限公司,新建,评估通过,ZH_DFQCGF,2025-06-20 09:15:30,6 天,是,是,经检查，车辆发动机正时链条存在轻微松动现象，属于正常磨损范围内，但已接近更换周期。,已安排4S店联系客户进行检修，更换正时链条及张紧器，由于车辆在保修期内，免费提供维修服务。,是,否,是,否,无,dpac_liuxy,2025-06-26 14:23:11,首次反馈已提交,形式审查已完成
QC202506000071,2025-06-0510:42:18,王五,13765432198,广东省,深圳市,2025-06-03 08:45:00,一汽丰田汽车有限公司,一汽丰田汽车有限公司,丰田,卡罗拉系列,LFPH3ACC6L1K78921,FTMZXRH(卡罗拉),25600,2022-03-10,是,是,混合动力,乘用车,合资,外资企业,电控系统,卡罗拉混动版动力电池故障灯亮起,行驶过程中车辆突然动力下降，仪表盘显示混合动力系统故障，检查后发现动力电池组温度异常，需要更换温度传感器和相关控制模块。,否,否,否,首次反馈已提交,微信公众号,无,dpac_chenxm,2025-06-15 09:32:18,,一汽丰田汽车有限公司,新建,评估通过,ZH_DFQCGF,2025-06-21 11:20:35,6 天,是,是,经诊断，车辆混合动力系统温度传感器出现故障，导致系统进入保护模式，属于电子元件正常老化现象。,已联系客户到店检修，更换温度传感器及重置系统，因车辆在三包期内，免费提供维修服务。,是,否,是,否,无,dpac_zhangwj,2025-06-27 16:10:22,首次反馈已提交,形式审查已完成
QC202506000072,2025-06-0614:23:56,赵六,13609876543,四川省,成都市,2025-06-04 16:20:00,长安福特汽车有限公司,长安福特汽车有限公司,福特,锐界系列,1FAHP2J82DG215437,CAF6470A(锐界),42000,2021-05-22,否,是,汽油,乘用车,合资,民营企业,变速箱,锐界自动变速箱换挡顿挫严重,车辆在行驶过程中变速箱换挡时有明显顿挫感，尤其是从1挡升2挡和3挡降2挡时最为明显，怀疑变速箱电脑程序或液压系统存在问题。,否,否,否,首次反馈已提交,协作网(中国网汽车),无,dpac_liuqy,2025-06-16 11:45:32,,长安福特汽车有限公司,新建,评估通过,ZH_DFQCGF,2025-06-22 14:35:28,6 天,是,是,经检测，车辆变速箱控制单元软件版本过低，导致换挡逻辑不顺畅，属于软件问题。,已安排客户到店进行变速箱控制单元软件升级，虽然车辆已过保修期，但考虑到此问题普遍性，公司决定免费提供升级服务。,是,否,是,是,无,dpac_wangzh,2025-06-28 10:42:15,首次反馈已提交,形式审查已完成
QC202506000073,2025-06-0708:36:41,孙七,13512345678,上海市,上海市,2025-06-05 09:10:00,上汽通用汽车有限公司,上汽通用汽车有限公司,别克,昂科威系列,LSGPC52H1MF123456,SGM6475GLM(昂科威),15800,2022-09-18,是,是,汽油,乘用车,合资,国有企业,电气系统,昂科威行车电脑频繁死机黑屏,车辆中控屏幕在行驶过程中频繁黑屏死机，导航和多媒体系统无法正常使用，重启后短时间内又会出现同样问题，严重影响驾驶体验和安全。,否,否,否,首次反馈已提交,电话,无,dpac_zhouyl,2025-06-17 15:28:47,,上汽通用汽车有限公司,新建,评估通过,ZH_DFQCGF,2025-06-23 16:42:19,6 天,是,是,经检测，车辆多媒体系统主控芯片存在设计缺陷，在高温环境下容易导致系统不稳定。,已安排客户到店更换升级版多媒体系统主机，并进行系统软件升级，因属于设计缺陷，免费提供更换服务。,是,是,是,是,无,dpac_sunxf,2025-06-29 11:35:27,首次反馈已提交,形式审查已完成
