身份证号,姓名,性别,年龄,出生日期,户籍,受教育程度,职业,伤害发生日期,伤害就诊时间,伤害发生原因,伤害发生地点,伤害发生时活动,是否故意,饮酒情况,伤害性质,伤害部位,伤害累及系统,伤害严重程度,伤害临床诊断,伤害结局,删除标识,联系电话,典型案例,物品1名称,物品1大类代码,物品1小类代码,伤害与产品使用关系,填卡部门
320502198505121234,张伟,男,38,1985-05-12,江苏省,大专,工人,2023-06-15,2023-06-15 14:30,交通事故,道路,驾车,否,未饮酒,挫伤,头部,神经系统,轻度,轻度脑震荡,康复出院,0,13812345678,否,摩托车,A01,A0101,直接导致,急诊科
110101199001023456,李娜,女,33,1990-01-02,北京市,本科,教师,2023-05-20,2023-05-20 09:15,跌倒/坠落,家中,日常活动,否,未饮酒,骨折,手腕,骨骼系统,中度,桡骨远端骨折,住院治疗,0,13987654321,否,地板,B03,B0302,间接导致,骨科
440101198712154321,王强,男,36,1987-12-15,广东省,高中,司机,2023-07-01,2023-07-01 18:45,机械伤害,工作场所,工作,否,未饮酒,裂伤,手指,肌肉系统,中度,右手食指断裂伤,转院,0,13500123456,是,切割机,C02,C0205,直接导致,手外科
510104199204075678,刘芳,女,31,1992-04-07,四川省,研究生,医生,2023-04-10,2023-04-10 11:20,烧烫伤,家中,做饭,否,未饮酒,烫伤,前臂,皮肤系统,轻度,二度烫伤,门诊治疗,0,15928374650,否,热水壶,D04,D0401,直接导致,烧伤科
330106197810089876,陈明,男,45,1978-10-08,浙江省,本科,工程师,2023-06-28,2023-06-28 16:10,中毒,工作场所,工作,否,未饮酒,化学伤害,眼部,感觉系统,中度,化学性眼部灼伤,住院治疗,0,13675849302,否,化学试剂,E05,E0503,直接导致,眼科
