时间,标题,主题分类,来源,网站类型,链接地址,相似新闻条数,百度权重,传播影响力值,厂商,品牌,车型,故障总成,分总成,三包描述
2023-08-15,上汽通用别克变速箱异响,质量投诉,汽车之家,汽车论坛,http://club.autohome.com.cn/bbs/thread-123456-1.html,5,8,76,上汽通用,别克,君威,变速箱,变速器总成,三包期内免费更换变速箱
2024-01-07,长安福特刹车失灵隐患,安全召回,新华网,新闻网站,http://www.xinhuanet.com/auto/recall-45678,12,9,89,长安福特,福特,蒙迪欧,制动系统,刹车总泵,全国范围内召回检修
2023-11-23,东风本田发动机漏油问题,质量投诉,天涯论坛,社交论坛,,3,6,65,东风本田,本田,思域,发动机,缸盖密封,要求更换发动机总成
2024-03-05,比亚迪电池起火事故,安全事故,央视新闻,官方媒体,http://news.cctv.com/auto/incident-78901,28,9,95,比亚迪,比亚迪,汉EV,动力电池,电池管理系统,免费更换电池包并延长质保
2023-09-30,广汽丰田空调系统故障,质量投诉,知乎,社交平台,https://www.zhihu.com/question/567890,7,7,72,广汽丰田,丰田,凯美瑞,空调系统,压缩机,三包期内免费维修
