id,human_readable_id,title,type,description,text_unit_ids,frequency,degree,x,y
50177f67-98c3-4e84-a4a3-b01b48011769,0,上汽通用,MANUFACTURER,上汽通用是别克品牌的制造商，涉及君威车型的质量投诉问题。,['5f3f9a8b3151090ecb319c3cd437bb77cde2d52335fab5f971073f208cd4cc0831822c5f4476b9cb9a1ab33cbc23618c9806ddd60083c4d30770ddb29f2a701f'],1,2,0.0,0.0
7f9587b9-b926-4026-a1a8-534ca5d268da,1,别克,BRAND,别克是上汽通用汽车有限公司旗下的知名汽车品牌，涵盖多个车型，包括君威、昂科威和昂科威Plus等。该品牌近年来涉及一些质量相关问题，例如君威车型的质量投诉，以及与召回事件相关的情况。这些问题反映了别克在产品安全和质量管理方面需要进一步加强的领域，同时也体现了其在市场中的广泛覆盖和影响力。,"['5f3f9a8b3151090ecb319c3cd437bb77cde2d52335fab5f971073f208cd4cc0831822c5f4476b9cb9a1ab33cbc23618c9806ddd60083c4d30770ddb29f2a701f'
 '2ac8f87919b440426447f5c823b514506fdc08fd1c4f7fcd7e67f47ad228fb0ab1f65274d1d8151b243d80af21d1ef52cc1529f13cc4811b8ce9ae20bfa36858'
 'f5b3e9d71d0afc0e950649922d3336ac04a906846b2f08df5376a95581005f7a4dc162a8e0752b33cb2f1edbce8734c2b9df2359b766c73b6f4302eef724527b']",3,8,0.0,0.0
fa7cb9cb-2109-4c12-9afa-1d5eef9b44cc,2,君威,VEHICLE_MODEL,君威是别克品牌的一款车型，涉及变速箱异响的质量投诉问题。,['5f3f9a8b3151090ecb319c3cd437bb77cde2d52335fab5f971073f208cd4cc0831822c5f4476b9cb9a1ab33cbc23618c9806ddd60083c4d30770ddb29f2a701f'],1,3,0.0,0.0
823b7dee-041d-4f23-b717-382aac17e5c9,3,变速箱,COMPONENT,变速箱是君威车型的关键部件，涉及异响问题。,['5f3f9a8b3151090ecb319c3cd437bb77cde2d52335fab5f971073f208cd4cc0831822c5f4476b9cb9a1ab33cbc23618c9806ddd60083c4d30770ddb29f2a701f'],1,2,0.0,0.0
4ef26816-a604-4664-a5e9-92d229d9082c,4,变速器总成,COMPONENT,变速器总成是变速箱的主要组成部分，涉及异响问题。,['5f3f9a8b3151090ecb319c3cd437bb77cde2d52335fab5f971073f208cd4cc0831822c5f4476b9cb9a1ab33cbc23618c9806ddd60083c4d30770ddb29f2a701f'],1,1,0.0,0.0
3cc1b0ea-bd2f-4321-9dba-d5f21d902680,5,变速箱异响,DEFECT,君威车型的变速箱存在异响问题，消费者在三包期内可免费更换变速箱。,['5f3f9a8b3151090ecb319c3cd437bb77cde2d52335fab5f971073f208cd4cc0831822c5f4476b9cb9a1ab33cbc23618c9806ddd60083c4d30770ddb29f2a701f'],1,3,0.0,0.0
e7974bb3-698f-4b1f-9d2b-fb066b1f915f,6,三包期内免费更换变速箱,REPAIR_MEASURE,维修措施包括在三包期内免费更换变速箱以解决异响问题。,['5f3f9a8b3151090ecb319c3cd437bb77cde2d52335fab5f971073f208cd4cc0831822c5f4476b9cb9a1ab33cbc23618c9806ddd60083c4d30770ddb29f2a701f'],1,2,0.0,0.0
69f31073-d672-4f6d-876a-d53d0d978c6a,7,HTTP://CLUB.AUTOHOME.COM.CN/BBS/THREAD-123456-1.HTML,WEBSITE,消费者可通过汽车之家论坛链接查看相关质量投诉详情。,['5f3f9a8b3151090ecb319c3cd437bb77cde2d52335fab5f971073f208cd4cc0831822c5f4476b9cb9a1ab33cbc23618c9806ddd60083c4d30770ddb29f2a701f'],1,2,0.0,0.0
de8336ae-1c23-4ed6-88d6-a3bd2dec595f,8,汽车之家,WEBSITE,汽车之家是一个汽车论坛，消费者在此平台上发布了关于君威车型变速箱异响的质量投诉。,['5f3f9a8b3151090ecb319c3cd437bb77cde2d52335fab5f971073f208cd4cc0831822c5f4476b9cb9a1ab33cbc23618c9806ddd60083c4d30770ddb29f2a701f'],1,2,0.0,0.0
1daaa419-0ded-4264-ad90-b328dfa118c5,9,汽车论坛,WEBSITE,汽车论坛是消费者讨论汽车问题的在线平台，此次投诉来源于汽车之家论坛。,['5f3f9a8b3151090ecb319c3cd437bb77cde2d52335fab5f971073f208cd4cc0831822c5f4476b9cb9a1ab33cbc23618c9806ddd60083c4d30770ddb29f2a701f'],1,1,0.0,0.0
db46ae12-813e-4914-aac7-5cfb9e31e85e,10,质量投诉,,,['5f3f9a8b3151090ecb319c3cd437bb77cde2d52335fab5f971073f208cd4cc0831822c5f4476b9cb9a1ab33cbc23618c9806ddd60083c4d30770ddb29f2a701f'],1,7,0.0,0.0
e2ed0e9c-6fe5-4ade-aae7-600caef53c06,11,一汽-大众汽车有限公司,MANUFACTURER,一汽-大众汽车有限公司是一家汽车制造商，主要生产大众品牌车型以及奥迪品牌的A4L和A6L车型。该公司涉及车辆召回事件，显示其在产品安全领域的相关性和责任。,"['734af468c2bd632731272aafd345f9d363bcf4838aea938f2ef779277c44722be9f6bdc5dbcde6618286d75a7b3ce5d7627f9c3d694f40e5d62bf7c2fdb4124d'
 '6cd3f80a42aadb0646807718032bbd6ecfc9cf1b81e27e400f14d0b1ab3412b5200cb5c88b35527494a03c5a79e24863fcda8e42d8100621a8d64482d28cb61c']",2,3,0.0,0.0
a74f192b-7627-48c9-aed0-c539f476acee,12,奥迪,BRAND,奥迪是A4L和A6L车型的品牌,['734af468c2bd632731272aafd345f9d363bcf4838aea938f2ef779277c44722be9f6bdc5dbcde6618286d75a7b3ce5d7627f9c3d694f40e5d62bf7c2fdb4124d'],1,3,0.0,0.0
522fecb8-fd19-4d2b-9c1b-62637ec55a23,13,A4L,VEHICLE_MODEL,A4L是奥迪品牌的一款车型，包括2021款40TFSI豪华型和2022款45TFSI quattro尊享型,['734af468c2bd632731272aafd345f9d363bcf4838aea938f2ef779277c44722be9f6bdc5dbcde6618286d75a7b3ce5d7627f9c3d694f40e5d62bf7c2fdb4124d'],1,3,0.0,0.0
4111caa3-97fc-4381-a19b-5235ae8d3946,14,A6L,VEHICLE_MODEL,A6L是奥迪品牌的一款车型，包括2021款40TFSI豪华型和2022款45TFSI quattro尊享型,['734af468c2bd632731272aafd345f9d363bcf4838aea938f2ef779277c44722be9f6bdc5dbcde6618286d75a7b3ce5d7627f9c3d694f40e5d62bf7c2fdb4124d'],1,1,0.0,0.0
7fe2ee81-db11-4df0-b2cc-4101f26409ef,15,发动机冷却系统,COMPONENT,发动机冷却系统是动力系统的一部分，可能存在水泵密封不良问题,['734af468c2bd632731272aafd345f9d363bcf4838aea938f2ef779277c44722be9f6bdc5dbcde6618286d75a7b3ce5d7627f9c3d694f40e5d62bf7c2fdb4124d'],1,3,0.0,0.0
c6c70ba0-4cc9-45fc-ab51-7a89fea974b9,16,水泵密封不良,DEFECT,水泵密封不良可能导致发动机过热，性能下降或损坏,['734af468c2bd632731272aafd345f9d363bcf4838aea938f2ef779277c44722be9f6bdc5dbcde6618286d75a7b3ce5d7627f9c3d694f40e5d62bf7c2fdb4124d'],1,4,0.0,0.0
48d90155-0e8e-45f3-9222-39fc8a35c40f,17,更换水泵总成并升级冷却系统控制软件,REPAIR_MEASURE,维修措施包括更换水泵总成并升级冷却系统控制软件,['734af468c2bd632731272aafd345f9d363bcf4838aea938f2ef779277c44722be9f6bdc5dbcde6618286d75a7b3ce5d7627f9c3d694f40e5d62bf7c2fdb4124d'],1,2,0.0,0.0
af9d71a9-8b07-47fd-8308-b6bfd446fc7d,18,质量索赔,EVALUATION_STATUS,该问题被归类为质量索赔，表明可能存在产品质量问题,['734af468c2bd632731272aafd345f9d363bcf4838aea938f2ef779277c44722be9f6bdc5dbcde6618286d75a7b3ce5d7627f9c3d694f40e5d62bf7c2fdb4124d'],1,2,0.0,0.0
00e6bce5-23b4-4186-80c9-3b9b4dd5dea5,19,2021款40TFSI豪华型,PRODUCT_MODEL,2021款40TFSI豪华型是奥迪A4L车型的具体型号,['734af468c2bd632731272aafd345f9d363bcf4838aea938f2ef779277c44722be9f6bdc5dbcde6618286d75a7b3ce5d7627f9c3d694f40e5d62bf7c2fdb4124d'],1,1,0.0,0.0
10870459-2ec3-438c-95f3-a363b079bf68,20,2022款45TFSI QUATTRO尊享型,PRODUCT_MODEL,2022款45TFSI quattro尊享型是奥迪A4L车型的具体型号,['734af468c2bd632731272aafd345f9d363bcf4838aea938f2ef779277c44722be9f6bdc5dbcde6618286d75a7b3ce5d7627f9c3d694f40e5d62bf7c2fdb4124d'],1,1,0.0,0.0
a15310e9-8f99-4a55-8bbe-1c6f44bbc0c5,21,发动机过热,DEFECT,发动机过热可能导致性能下降或损坏,['734af468c2bd632731272aafd345f9d363bcf4838aea938f2ef779277c44722be9f6bdc5dbcde6618286d75a7b3ce5d7627f9c3d694f40e5d62bf7c2fdb4124d'],1,2,0.0,0.0
bc614676-ae74-43b4-81f6-2ebda83889b0,22,A0234(G521)-发动机冷却系统改进_技术公告.PDF,NOTIFICATION_METHOD,该文件是关于发动机冷却系统改进的技术公告,['734af468c2bd632731272aafd345f9d363bcf4838aea938f2ef779277c44722be9f6bdc5dbcde6618286d75a7b3ce5d7627f9c3d694f40e5d62bf7c2fdb4124d'],1,2,0.0,0.0
75276511-877b-4a3d-832f-5e5dea50faf4,23,2022-10-05,NOTIFICATION_METHOD,该日期为技术公告的发布日期,['734af468c2bd632731272aafd345f9d363bcf4838aea938f2ef779277c44722be9f6bdc5dbcde6618286d75a7b3ce5d7627f9c3d694f40e5d62bf7c2fdb4124d'],1,1,0.0,0.0
821c43aa-fb76-49ac-ba04-248b054dfabf,24,动力系统,,,['734af468c2bd632731272aafd345f9d363bcf4838aea938f2ef779277c44722be9f6bdc5dbcde6618286d75a7b3ce5d7627f9c3d694f40e5d62bf7c2fdb4124d'],1,1,0.0,0.0
c5ec19b5-3e11-47a6-b4b0-9bc674b4e11c,25,北京嘀嘀无限科技发展有限公司,MANUFACTURER,北京嘀嘀无限科技发展有限公司是提供滴滴打车服务的企业,['7ada511b6bbcd05aa7aae844d88c3e8a2e58d7c50137dfa2b6b8e5d9532a399b7e3b9d8c529b6ee837ce91c5c57c1e34eb3769c65ad06837ce5a181afcb5c9c8'],1,1,0.0,0.0
ab18f5fd-ecb5-440f-901a-45f7470ba163,26,滴滴打车服务,SERVICE_ISSUE,滴滴打车服务涉及消费者投诉，问题包括司机故意绕路和态度恶劣,['7ada511b6bbcd05aa7aae844d88c3e8a2e58d7c50137dfa2b6b8e5d9532a399b7e3b9d8c529b6ee837ce91c5c57c1e34eb3769c65ad06837ce5a181afcb5c9c8'],1,3,0.0,0.0
26e5a4f6-9b31-4b77-bbf7-e9403fcb46cd,27,服务态度与收费问题,COMPLAINT,消费者投诉滴滴打车服务中司机态度恶劣和收费问题，要求退还多收费用并赔偿,['7ada511b6bbcd05aa7aae844d88c3e8a2e58d7c50137dfa2b6b8e5d9532a399b7e3b9d8c529b6ee837ce91c5c57c1e34eb3769c65ad06837ce5a181afcb5c9c8'],1,5,0.0,0.0
6f162adb-0932-43dc-bd35-6cacd532c287,28,网约车服务,PRODUCT_CATEGORY,网约车服务属于交通运输服务的一部分，涉及消费者投诉,['7ada511b6bbcd05aa7aae844d88c3e8a2e58d7c50137dfa2b6b8e5d9532a399b7e3b9d8c529b6ee837ce91c5c57c1e34eb3769c65ad06837ce5a181afcb5c9c8'],1,1,0.0,0.0
e9e1d8f0-c6bc-4636-b4c8-93608a0d074d,29,司机故意绕路,INCIDENT,司机故意绕路是消费者投诉滴滴打车服务的具体问题之一,['7ada511b6bbcd05aa7aae844d88c3e8a2e58d7c50137dfa2b6b8e5d9532a399b7e3b9d8c529b6ee837ce91c5c57c1e34eb3769c65ad06837ce5a181afcb5c9c8'],1,2,0.0,0.0
9b216dba-4224-46ad-afa6-392eb9588331,30,司机态度恶劣,INCIDENT,司机态度恶劣是消费者投诉滴滴打车服务的具体问题之一,['7ada511b6bbcd05aa7aae844d88c3e8a2e58d7c50137dfa2b6b8e5d9532a399b7e3b9d8c529b6ee837ce91c5c57c1e34eb3769c65ad06837ce5a181afcb5c9c8'],1,2,0.0,0.0
7616129d-f60b-4a61-8bbf-8298f0821838,31,退还多收费用,REPAIR_MEASURE,消费者要求退还滴滴打车服务中多收的费用作为解决措施,['7ada511b6bbcd05aa7aae844d88c3e8a2e58d7c50137dfa2b6b8e5d9532a399b7e3b9d8c529b6ee837ce91c5c57c1e34eb3769c65ad06837ce5a181afcb5c9c8'],1,2,0.0,0.0
abee1cef-aa79-4fea-836b-9b2d360636d9,32,赔偿,REPAIR_MEASURE,消费者要求赔偿因滴滴打车服务问题造成的损失作为解决措施,['7ada511b6bbcd05aa7aae844d88c3e8a2e58d7c50137dfa2b6b8e5d9532a399b7e3b9d8c529b6ee837ce91c5c57c1e34eb3769c65ad06837ce5a181afcb5c9c8'],1,2,0.0,0.0
ff264f0e-1f94-49d0-a12f-9f2eca18953d,33,王**,,,['7ada511b6bbcd05aa7aae844d88c3e8a2e58d7c50137dfa2b6b8e5d9532a399b7e3b9d8c529b6ee837ce91c5c57c1e34eb3769c65ad06837ce5a181afcb5c9c8'],1,4,0.0,0.0
7ea2fc4f-3899-4bfc-85b6-1106a4616a75,34,电池故障,DEFECT,电池存在故障问题，包括电量不足、无法充电、电池鼓包和电池漏液，严重程度为高,['a93e8a4929f40873de519842aa7b63f4b7365c630dce1c46dd26c795adbd89989cc7040832fe887cf5953f4f293e1b6a50076771c0dbf7a9d2d05904cee55705'],1,3,0.0,0.0
ff26f6d4-a60e-4a40-9bd5-e05d3e7d1c79,35,电子电器,PRODUCT_CATEGORY,"""电子电器""类别涵盖了与信号弱问题相关的产品，其中包括华为Mate60手机。该类别涉及广泛的电子设备和电器产品，信号弱问题是其中一个值得关注的产品安全问题。","['a93e8a4929f40873de519842aa7b63f4b7365c630dce1c46dd26c795adbd89989cc7040832fe887cf5953f4f293e1b6a50076771c0dbf7a9d2d05904cee55705'
 '37dc43d4557f3d1db89ae1649e638c4ceb8d02256d417e68e9da3d9b0bb212e1ab48055221bf4aaf65c115ef94be3c478eaab45f15053803dcd7c02d1950bfe7'
 '648df115cd87b36a9087a53be34fb6859e348a684cf81ac789d398e0e9529b3d419acda2429e1b2bf2ec2a11e5afa1032da0243d272d6fb49c7d08d0c2ca1375'
 'a79d1059cbd42a5b13b468a04b2fea7a81b4f87561c6c0cfcf94ded98e4b1167d915c02c822d9450500e95df3d4558c3f8b71b98fce96d064691d7f726303b9a']",4,5,0.0,0.0
3a95d025-1a6f-4726-83cb-03ff2964c0cf,36,消费品,PRODUCT_CATEGORY,"""消费品""是指与该问题相关的产品类别，涵盖广泛的日常使用产品。这些产品通常用于个人、家庭或社区的消费需求，涉及多个领域，如家居用品、电子设备、服装、食品等。消费品的安全性是产品安全领域的重要关注点，确保其符合相关标准和法规对于保护消费者权益至关重要。","['a93e8a4929f40873de519842aa7b63f4b7365c630dce1c46dd26c795adbd89989cc7040832fe887cf5953f4f293e1b6a50076771c0dbf7a9d2d05904cee55705'
 'a79d1059cbd42a5b13b468a04b2fea7a81b4f87561c6c0cfcf94ded98e4b1167d915c02c822d9450500e95df3d4558c3f8b71b98fce96d064691d7f726303b9a']",2,4,0.0,0.0
e1e6557b-ef8f-4a99-a773-04003faf3c13,37,电源问题,,,['a93e8a4929f40873de519842aa7b63f4b7365c630dce1c46dd26c795adbd89989cc7040832fe887cf5953f4f293e1b6a50076771c0dbf7a9d2d05904cee55705'],1,2,0.0,0.0
8012ad42-2300-4787-b3ad-5c1f8ab3a0a9,38,漏水,DEFECT,漏水问题属于密封问题，严重程度为中，涉及消费品类别中的家用电器。,['ea0a1ba77035803d0277381f9af51e26fb1185d65e69011d4d743a438d8fb5d71f422af2437987bfac71acf6d1f32be50c7a00c0895448137ae4edc64b310167'],1,2,0.0,0.0
7e69cadc-c5b2-4539-97e2-993393c88399,39,密封问题,COMPONENT,密封问题是导致漏水的关键因素，可能与防水失效或密封不严有关。,['ea0a1ba77035803d0277381f9af51e26fb1185d65e69011d4d743a438d8fb5d71f422af2437987bfac71acf6d1f32be50c7a00c0895448137ae4edc64b310167'],1,5,0.0,0.0
f880931d-4801-4911-805e-cc9de13429b2,40,家用电器,PRODUCT_CATEGORY,"家用电器是消费品类别的一部分，可能受到漏水问题的影响。)<|COMPLETE|>(""entity""",['ea0a1ba77035803d0277381f9af51e26fb1185d65e69011d4d743a438d8fb5d71f422af2437987bfac71acf6d1f32be50c7a00c0895448137ae4edc64b310167'],1,1,0.0,0.0
80f50662-8da3-4539-aaaa-83cb8ef5f52c,41,渗水,DEFECT,渗水问题属于密封问题的一部分，可能与防水失效或密封不严有关，严重程度为中。,['ea0a1ba77035803d0277381f9af51e26fb1185d65e69011d4d743a438d8fb5d71f422af2437987bfac71acf6d1f32be50c7a00c0895448137ae4edc64b310167'],1,1,0.0,0.0
9e734528-d0a9-4215-83fb-debf8911efba,42,进水,DEFECT,进水问题属于密封问题的一部分，可能影响家用电器的正常使用，严重程度为中。,['ea0a1ba77035803d0277381f9af51e26fb1185d65e69011d4d743a438d8fb5d71f422af2437987bfac71acf6d1f32be50c7a00c0895448137ae4edc64b310167'],1,1,0.0,0.0
52a3a89b-3843-4321-858d-48796120ce29,43,密封不严,DEFECT,密封不严可能导致漏水问题，属于密封问题的一部分，严重程度为中。,['ea0a1ba77035803d0277381f9af51e26fb1185d65e69011d4d743a438d8fb5d71f422af2437987bfac71acf6d1f32be50c7a00c0895448137ae4edc64b310167'],1,1,0.0,0.0
ebc06a32-6678-4f2f-bd49-0d0139095c5a,44,防水失效,,,['ea0a1ba77035803d0277381f9af51e26fb1185d65e69011d4d743a438d8fb5d71f422af2437987bfac71acf6d1f32be50c7a00c0895448137ae4edc64b310167'],1,1,0.0,0.0
c43cd24f-1c9e-4be0-a64e-99d7e88d2b4c,45,信号弱,DEFECT,信号弱属于连接问题，严重程度为低，关键词包括信号差、连接断开、网络不稳定、蓝牙连接失败和WiFi信号弱,['37dc43d4557f3d1db89ae1649e638c4ceb8d02256d417e68e9da3d9b0bb212e1ab48055221bf4aaf65c115ef94be3c478eaab45f15053803dcd7c02d1950bfe7'],1,6,0.0,0.0
d6497888-b991-4391-9c58-7ea232890952,46,信号差,DEFECT,信号差是连接问题的一种表现形式，可能导致网络不稳定或连接断开,['37dc43d4557f3d1db89ae1649e638c4ceb8d02256d417e68e9da3d9b0bb212e1ab48055221bf4aaf65c115ef94be3c478eaab45f15053803dcd7c02d1950bfe7'],1,2,0.0,0.0
02539cfd-a9b7-40ac-8895-4e4db972d193,47,连接断开,DEFECT,连接断开是连接问题的一种表现形式，可能影响设备的功能,['37dc43d4557f3d1db89ae1649e638c4ceb8d02256d417e68e9da3d9b0bb212e1ab48055221bf4aaf65c115ef94be3c478eaab45f15053803dcd7c02d1950bfe7'],1,2,0.0,0.0
918c9e7b-4944-455e-8656-a3f7840d7539,48,网络不稳定,DEFECT,网络不稳定是连接问题的一种表现形式，可能导致设备无法正常运行,['37dc43d4557f3d1db89ae1649e638c4ceb8d02256d417e68e9da3d9b0bb212e1ab48055221bf4aaf65c115ef94be3c478eaab45f15053803dcd7c02d1950bfe7'],1,2,0.0,0.0
a6a08933-6348-4bdd-ab48-6225f95fb415,49,蓝牙连接失败,DEFECT,蓝牙连接失败是连接问题的一种表现形式，可能影响设备间的通信,['37dc43d4557f3d1db89ae1649e638c4ceb8d02256d417e68e9da3d9b0bb212e1ab48055221bf4aaf65c115ef94be3c478eaab45f15053803dcd7c02d1950bfe7'],1,2,0.0,0.0
04c189c3-79e9-4b50-b612-e15ba845c6d8,50,WIFI信号弱,DEFECT,WiFi信号弱是连接问题的一种表现形式，可能导致网络连接质量下降,['37dc43d4557f3d1db89ae1649e638c4ceb8d02256d417e68e9da3d9b0bb212e1ab48055221bf4aaf65c115ef94be3c478eaab45f15053803dcd7c02d1950bfe7'],1,2,0.0,0.0
95d6d491-49ec-45a0-b8d8-7e7aca568033,51,连接问题,,,['37dc43d4557f3d1db89ae1649e638c4ceb8d02256d417e68e9da3d9b0bb212e1ab48055221bf4aaf65c115ef94be3c478eaab45f15053803dcd7c02d1950bfe7'],1,6,0.0,0.0
0e4a2063-fe4e-43d6-a6f9-a1a55075a32a,52,福特汽车公司,MANUFACTURER,福特汽车公司是一家全球知名的汽车制造商，正在召回部分2022-2024年款福特车型。,['c9b1557ad642da8419224b344fe415c31bd5319cbddb93aac9ba076d3b5267364f7c32470888c2d90fe8bc829ebb69c443c35fe938cf450b2f80898fe15bbfb1'],1,8,0.0,0.0
edd324f3-44be-4d47-9254-70f98f0a6840,53,福特,BRAND,福特是福特汽车公司旗下的品牌，同时也是长安福特旗下的品牌，涉及多款车型的安全召回事件。其中包括因刹车失灵隐患而进行的安全召回。这些召回事件反映了福特在产品安全领域的关注与行动，旨在确保消费者的驾驶安全和产品质量。,"['c9b1557ad642da8419224b344fe415c31bd5319cbddb93aac9ba076d3b5267364f7c32470888c2d90fe8bc829ebb69c443c35fe938cf450b2f80898fe15bbfb1'
 '4b87116c3076ce3947200be42f9c74d95512b541e3d8bec6c79f28083450b1447f221d1a067a11615c51e858d5f71c73b99e6dce531553438bda3a24ed21a079']",2,2,0.0,0.0
ae1dcb20-f6f0-4f8e-b6ba-51ca4cf85846,54,长安福特,MANUFACTURER,长安福特是福特汽车公司与长安汽车共同成立的合资企业，专注于生产和销售福特品牌汽车。作为一家汽车制造商，长安福特在产品安全领域也面临挑战，其中包括涉及刹车失灵隐患的安全召回事件。这体现了其在确保车辆安全性和消费者权益方面的责任与努力，同时也反映了其在汽车制造和质量管理中的重要角色。,"['c9b1557ad642da8419224b344fe415c31bd5319cbddb93aac9ba076d3b5267364f7c32470888c2d90fe8bc829ebb69c443c35fe938cf450b2f80898fe15bbfb1'
 '4b87116c3076ce3947200be42f9c74d95512b541e3d8bec6c79f28083450b1447f221d1a067a11615c51e858d5f71c73b99e6dce531553438bda3a24ed21a079']",2,8,0.0,0.0
49f16f30-1bb8-4f30-ab26-92b5006d5b6b,55,F-150,VEHICLE_MODEL,F-150是福特汽车公司生产的一款皮卡车型，涉及燃油泵控制模块故障的召回事件。,['c9b1557ad642da8419224b344fe415c31bd5319cbddb93aac9ba076d3b5267364f7c32470888c2d90fe8bc829ebb69c443c35fe938cf450b2f80898fe15bbfb1'],1,2,0.0,0.0
c0259ddb-b699-4652-a051-c73339dc6ed2,56,野马,VEHICLE_MODEL,野马是福特汽车公司生产的一款跑车车型，涉及燃油泵控制模块故障的召回事件。,['c9b1557ad642da8419224b344fe415c31bd5319cbddb93aac9ba076d3b5267364f7c32470888c2d90fe8bc829ebb69c443c35fe938cf450b2f80898fe15bbfb1'],1,2,0.0,0.0
5a684d7a-bec2-46bb-902a-79deded8fda1,57,探险者,VEHICLE_MODEL,探险者是福特汽车公司生产的一款SUV车型，涉及燃油泵控制模块故障的召回事件。,['c9b1557ad642da8419224b344fe415c31bd5319cbddb93aac9ba076d3b5267364f7c32470888c2d90fe8bc829ebb69c443c35fe938cf450b2f80898fe15bbfb1'],1,2,0.0,0.0
34d07ee1-f5bd-4289-aa50-2a215a80a7be,58,林肯领航员,VEHICLE_MODEL,林肯领航员是福特汽车公司旗下林肯品牌生产的一款豪华SUV车型，涉及燃油泵控制模块故障的召回事件。,['c9b1557ad642da8419224b344fe415c31bd5319cbddb93aac9ba076d3b5267364f7c32470888c2d90fe8bc829ebb69c443c35fe938cf450b2f80898fe15bbfb1'],1,2,0.0,0.0
8cb971cc-a28c-4f51-bb5f-9afc8cc66daf,59,福克斯,VEHICLE_MODEL,福克斯是福特汽车公司生产的一款紧凑型轿车，涉及燃油泵控制模块故障的召回事件。,['c9b1557ad642da8419224b344fe415c31bd5319cbddb93aac9ba076d3b5267364f7c32470888c2d90fe8bc829ebb69c443c35fe938cf450b2f80898fe15bbfb1'],1,2,0.0,0.0
ef36e03d-a8b2-403e-8e82-6a938b2561ee,60,燃油泵控制模块,COMPONENT,燃油泵控制模块是汽车燃油系统中的关键部件，可能存在故障，导致发动机熄火。,['c9b1557ad642da8419224b344fe415c31bd5319cbddb93aac9ba076d3b5267364f7c32470888c2d90fe8bc829ebb69c443c35fe938cf450b2f80898fe15bbfb1'],1,3,0.0,0.0
467126e8-3867-4cbc-9866-5c27a8b8bbae,61,故障,DEFECT,燃油泵控制模块故障可能导致发动机在行驶过程中熄火，增加发生碰撞的风险。,['c9b1557ad642da8419224b344fe415c31bd5319cbddb93aac9ba076d3b5267364f7c32470888c2d90fe8bc829ebb69c443c35fe938cf450b2f80898fe15bbfb1'],1,2,0.0,0.0
b1b09941-8314-4c8a-a4d2-3a8df09acffd,62,免费更新动力传动控制模块软件并更换燃油泵,REPAIR_MEASURE,经销商将免费更新动力传动控制模块软件，并在必要时更换燃油泵以解决问题。,['c9b1557ad642da8419224b344fe415c31bd5319cbddb93aac9ba076d3b5267364f7c32470888c2d90fe8bc829ebb69c443c35fe938cf450b2f80898fe15bbfb1'],1,3,0.0,0.0
c66c85de-6027-40e5-99b7-9c2f928b08e5,63,召回编号24S21,RECALL,福特汽车公司此次召回编号为24S21，涉及燃油泵控制模块故障问题。,['c9b1557ad642da8419224b344fe415c31bd5319cbddb93aac9ba076d3b5267364f7c32470888c2d90fe8bc829ebb69c443c35fe938cf450b2f80898fe15bbfb1'],1,0,,
609e9f8b-c287-4276-bf85-9e64200bc9a0,64,美国,COUNTRY,召回事件涉及的生产国为美国。,['c9b1557ad642da8419224b344fe415c31bd5319cbddb93aac9ba076d3b5267364f7c32470888c2d90fe8bc829ebb69c443c35fe938cf450b2f80898fe15bbfb1'],1,0,,
f647a829-e787-4c2c-bebe-2723e74d0c29,65,HTTPS://WWW.NHTSA.GOV/RECALLS?NHTSAID=24V289000,WEBSITE,召回事件的详细信息可通过此网址查看。,['c9b1557ad642da8419224b344fe415c31bd5319cbddb93aac9ba076d3b5267364f7c32470888c2d90fe8bc829ebb69c443c35fe938cf450b2f80898fe15bbfb1'],1,0,,
f679309d-5eba-44fa-ad40-47b1c41b12d6,66,"召回编号24(""ENTITY""",,,['c9b1557ad642da8419224b344fe415c31bd5319cbddb93aac9ba076d3b5267364f7c32470888c2d90fe8bc829ebb69c443c35fe938cf450b2f80898fe15bbfb1'],1,1,0.0,0.0
b7b00809-9334-49ae-b774-62a9d7dbf527,67,福睿斯,,,['c9b1557ad642da8419224b344fe415c31bd5319cbddb93aac9ba076d3b5267364f7c32470888c2d90fe8bc829ebb69c443c35fe938cf450b2f80898fe15bbfb1'],1,1,0.0,0.0
7784b654-deba-42ce-a3ab-fbb63247dabb,68,锐界,VEHICLE_MODEL,锐界是福特汽车公司生产的一款SUV车型，涉及燃油泵控制模块故障的召回事件。,['c9b1557ad642da8419224b344fe415c31bd5319cbddb93aac9ba076d3b5267364f7c32470888c2d90fe8bc829ebb69c443c35fe938cf450b2f80898fe15bbfb1'],1,0,,
a7a1c551-a002-479f-862e-50b0636e24e7,69,动力传动控制模块,COMPONENT,动力传动控制模块是汽车传动系统中的关键部件，可能需要更新以解决燃油泵控制模块故障问题。,['c9b1557ad642da8419224b344fe415c31bd5319cbddb93aac9ba076d3b5267364f7c32470888c2d90fe8bc829ebb69c443c35fe938cf450b2f80898fe15bbfb1'],1,1,0.0,0.0
13ff9978-81d2-474a-9d04-ae5aa822b123,70,博世汽车部件,MANUFACTURER,博世汽车部件是燃油泵控制模块的制造商，涉及召回事件。,['c9b1557ad642da8419224b344fe415c31bd5319cbddb93aac9ba076d3b5267364f7c32470888c2d90fe8bc829ebb69c443c35fe938cf450b2f80898fe15bbfb1'],1,1,0.0,0.0
1c5ca778-c94f-42c0-9c96-329fc31d2d9f,71,2022-2024年款,PRODUCT_MODEL,此次召回涉及2022-2024年款福特车型，包括F-150、野马、探险者、林肯领航员和福克斯。,['c9b1557ad642da8419224b344fe415c31bd5319cbddb93aac9ba076d3b5267364f7c32470888c2d90fe8bc829ebb69c443c35fe938cf450b2f80898fe15bbfb1'],1,6,0.0,0.0
8e272d05-7da3-4ca1-b602-b85755c74593,72,燃油系统,COMPONENT,燃油系统是汽车的重要组成部分，此次召回涉及该系统中的燃油泵控制模块故障问题。,['c9b1557ad642da8419224b344fe415c31bd5319cbddb93aac9ba076d3b5267364f7c32470888c2d90fe8bc829ebb69c443c35fe938cf450b2f80898fe15bbfb1'],1,2,0.0,0.0
2e48c901-1b82-4512-9d6e-7f5ada64052a,73,车主通知信,NOTIFICATION_METHOD,"""车主通知信""是用于通知车主召回相关信息的重要文件。根据提供的数据，车主通知信的邮寄日期存在差异，一份描述指出该通知信已于2024年6月5日邮寄，而另一份描述则表明其邮寄日期为2024年10月5日。综合分析后，较晚的日期可能是更新后的信息，因此可以推断车主通知信最终于2024年10月5日邮寄，以确保车主及时了解召回相关信息并采取必要行动。这一通知信在产品安全领域中发挥了关键作用，旨在维护消费者权益和提升产品安全性。","['c9b1557ad642da8419224b344fe415c31bd5319cbddb93aac9ba076d3b5267364f7c32470888c2d90fe8bc829ebb69c443c35fe938cf450b2f80898fe15bbfb1'
 'bdd82bb05fd541edefd037066d88ac3f733d613d919b7091d5bc33f5b6665ffa0123bcbcecaa90e4a4aa3b047e7c8e308aa10f46dc58f39cbfc275ed90ef2265']",2,3,0.0,0.0
5897d535-4873-4a46-82b3-08bddf254f35,74,2024年6月5日,EVALUATION_STATUS,车主通知信的邮寄日期为2024年6月5日，标志着召回程序的关键进展。,['c9b1557ad642da8419224b344fe415c31bd5319cbddb93aac9ba076d3b5267364f7c32470888c2d90fe8bc829ebb69c443c35fe938cf450b2f80898fe15bbfb1'],1,1,0.0,0.0
48ec9865-703d-4099-ac44-a1b3d72e5f8e,75,整车,PRODUCT_CATEGORY,此次召回涉及整车产品，包括多款福特车型。,['c9b1557ad642da8419224b344fe415c31bd5319cbddb93aac9ba076d3b5267364f7c32470888c2d90fe8bc829ebb69c443c35fe938cf450b2f80898fe15bbfb1'],1,1,0.0,0.0
e004e729-805c-4040-aaf3-42a66b471253,76,现代汽车公司,MANUFACTURER,现代汽车公司正在召回部分2023-2025年款现代索纳塔、途胜、伊兰特、KONA电动版、IONIQ 5和IONIQ 6车型。,['bdd82bb05fd541edefd037066d88ac3f733d613d919b7091d5bc33f5b6665ffa0123bcbcecaa90e4a4aa3b047e7c8e308aa10f46dc58f39cbfc275ed90ef2265'],1,11,0.0,0.0
d9c53274-74ec-43c5-88ef-923b7fc02bf8,77,现代,BRAND,现代是现代汽车公司旗下的品牌，涉及多款车型的召回事件。,['bdd82bb05fd541edefd037066d88ac3f733d613d919b7091d5bc33f5b6665ffa0123bcbcecaa90e4a4aa3b047e7c8e308aa10f46dc58f39cbfc275ed90ef2265'],1,1,0.0,0.0
def357fb-24c2-43e0-8417-4db268079781,78,北京现代,MANUFACTURER,北京现代是现代汽车公司与北京汽车的合资企业，负责生产和销售现代品牌汽车。,['bdd82bb05fd541edefd037066d88ac3f733d613d919b7091d5bc33f5b6665ffa0123bcbcecaa90e4a4aa3b047e7c8e308aa10f46dc58f39cbfc275ed90ef2265'],1,1,0.0,0.0
70d8908d-4cb5-42f0-9938-e588b5aaebb4,79,索纳塔,VEHICLE_MODEL,索纳塔是现代汽车公司生产的一款中型轿车，涉及电子稳定控制系统传感器校准问题的召回事件。,['bdd82bb05fd541edefd037066d88ac3f733d613d919b7091d5bc33f5b6665ffa0123bcbcecaa90e4a4aa3b047e7c8e308aa10f46dc58f39cbfc275ed90ef2265'],1,1,0.0,0.0
5ef2238c-5b82-4678-9924-1735ffaa155c,80,途胜,VEHICLE_MODEL,途胜是现代汽车公司生产的一款紧凑型SUV车型，涉及电子稳定控制系统传感器校准问题的召回事件。,['bdd82bb05fd541edefd037066d88ac3f733d613d919b7091d5bc33f5b6665ffa0123bcbcecaa90e4a4aa3b047e7c8e308aa10f46dc58f39cbfc275ed90ef2265'],1,1,0.0,0.0
5e22d40f-a041-46dc-a0a7-bda687cd1521,81,伊兰特,VEHICLE_MODEL,伊兰特是现代汽车公司生产的一款紧凑型轿车，涉及电子稳定控制系统传感器校准问题的召回事件。,['bdd82bb05fd541edefd037066d88ac3f733d613d919b7091d5bc33f5b6665ffa0123bcbcecaa90e4a4aa3b047e7c8e308aa10f46dc58f39cbfc275ed90ef2265'],1,1,0.0,0.0
69be4edd-dd99-4c08-83cc-050959a0f32d,82,KONA电动版,VEHICLE_MODEL,KONA电动版是现代汽车公司生产的一款电动车型，涉及电子稳定控制系统传感器校准问题的召回事件。,['bdd82bb05fd541edefd037066d88ac3f733d613d919b7091d5bc33f5b6665ffa0123bcbcecaa90e4a4aa3b047e7c8e308aa10f46dc58f39cbfc275ed90ef2265'],1,1,0.0,0.0
34cd6bb2-6d1f-4618-b331-898fa0df53e7,83,IONIQ 5,VEHICLE_MODEL,IONIQ 5是现代汽车公司生产的一款电动车型，涉及电子稳定控制系统传感器校准问题的召回事件。,['bdd82bb05fd541edefd037066d88ac3f733d613d919b7091d5bc33f5b6665ffa0123bcbcecaa90e4a4aa3b047e7c8e308aa10f46dc58f39cbfc275ed90ef2265'],1,1,0.0,0.0
1ced5d50-0468-481d-92c5-242338dddd4c,84,IONIQ 6,VEHICLE_MODEL,IONIQ 6是现代汽车公司生产的一款电动车型，涉及电子稳定控制系统传感器校准问题的召回事件。,['bdd82bb05fd541edefd037066d88ac3f733d613d919b7091d5bc33f5b6665ffa0123bcbcecaa90e4a4aa3b047e7c8e308aa10f46dc58f39cbfc275ed90ef2265'],1,1,0.0,0.0
bb0842df-ab36-4941-8e86-3a3d179f8c91,85,电子稳定控制系统,COMPONENT,电子稳定控制系统(ESC)传感器可能存在校准问题，导致系统在某些驾驶条件下无法正确识别车辆侧滑。,['bdd82bb05fd541edefd037066d88ac3f733d613d919b7091d5bc33f5b6665ffa0123bcbcecaa90e4a4aa3b047e7c8e308aa10f46dc58f39cbfc275ed90ef2265'],1,3,0.0,0.0
44558bf8-505a-4ea6-9be9-91b2c61ec575,86,校准问题,DEFECT,电子稳定控制系统传感器的校准问题可能增加发生碰撞的风险。,['bdd82bb05fd541edefd037066d88ac3f733d613d919b7091d5bc33f5b6665ffa0123bcbcecaa90e4a4aa3b047e7c8e308aa10f46dc58f39cbfc275ed90ef2265'],1,2,0.0,0.0
28cf12e4-f697-45bf-a91f-e33093a4e160,87,免费更新电子稳定控制系统软件,REPAIR_MEASURE,经销商将免费更新电子稳定控制系统软件以解决问题。,['bdd82bb05fd541edefd037066d88ac3f733d613d919b7091d5bc33f5b6665ffa0123bcbcecaa90e4a4aa3b047e7c8e308aa10f46dc58f39cbfc275ed90ef2265'],1,1,0.0,0.0
339eefcc-fb75-40cc-b134-f7c81f3b47d4,88,韩国,COUNTRY,召回事件涉及的生产国为韩国。,['bdd82bb05fd541edefd037066d88ac3f733d613d919b7091d5bc33f5b6665ffa0123bcbcecaa90e4a4aa3b047e7c8e308aa10f46dc58f39cbfc275ed90ef2265'],1,1,0.0,0.0
3cc6bade-857a-4851-94ef-16de33e8b5f0,89,HTTPS://WWW.NHTSA.GOV/RECALLS?NHTSAID=24V612000,WEBSITE,召回事件的详细信息可通过此网址查看。,['bdd82bb05fd541edefd037066d88ac3f733d613d919b7091d5bc33f5b6665ffa0123bcbcecaa90e4a4aa3b047e7c8e308aa10f46dc58f39cbfc275ed90ef2265'],1,1,0.0,0.0
6e851e99-3a10-4c52-92e0-f0737bf70d40,90,召回编号248,RECALL,现代汽车公司此次召回编号为248，涉及电子稳定控制系统传感器校准问题。,['bdd82bb05fd541edefd037066d88ac3f733d613d919b7091d5bc33f5b6665ffa0123bcbcecaa90e4a4aa3b047e7c8e308aa10f46dc58f39cbfc275ed90ef2265'],1,2,0.0,0.0
410249d9-a906-42db-b2a9-ba09e4569859,91,碰撞风险,INCIDENT,电子稳定控制系统传感器校准问题可能增加发生碰撞的风险。,['bdd82bb05fd541edefd037066d88ac3f733d613d919b7091d5bc33f5b6665ffa0123bcbcecaa90e4a4aa3b047e7c8e308aa10f46dc58f39cbfc275ed90ef2265'],1,1,0.0,0.0
53bc2049-09ce-498e-89f5-33175baf1d2c,92,现代摩比斯,,,['bdd82bb05fd541edefd037066d88ac3f733d613d919b7091d5bc33f5b6665ffa0123bcbcecaa90e4a4aa3b047e7c8e308aa10f46dc58f39cbfc275ed90ef2265'],1,1,0.0,0.0
93f7bdfb-d8d9-46de-9ab0-88cb3a18115b,93,上汽大众汽车有限公司,MANUFACTURER,上汽大众汽车有限公司是帕萨特系列车型的生产者，位于江苏省南京市，属于合资国有企业。,['68ccd9cdfb252b2bd7c53ee44b9e89602f2265848a662bded6f449414e7f6b943fdc4915466855fd1cc30a9b28b0bbac0086b73b29470a47c0f3de238f4bef3b'],1,1,0.0,0.0
bf7e3c70-126d-4525-82ea-5f09b55dc3c2,94,大众,BRAND,大众是由一汽-大众汽车有限公司生产的知名汽车品牌，其旗下帕萨特系列车型因发动机异响问题引发关注。此外，大众品牌还涉及召回事件，显示其在产品安全领域面临一定的挑战。这些问题凸显了大众在质量控制和消费者安全保障方面的重要性，同时也反映了其在汽车行业中的广泛影响力。,"['68ccd9cdfb252b2bd7c53ee44b9e89602f2265848a662bded6f449414e7f6b943fdc4915466855fd1cc30a9b28b0bbac0086b73b29470a47c0f3de238f4bef3b'
 '6cd3f80a42aadb0646807718032bbd6ecfc9cf1b81e27e400f14d0b1ab3412b5200cb5c88b35527494a03c5a79e24863fcda8e42d8100621a8d64482d28cb61c']",2,4,0.0,0.0
2d1cba92-cb75-43e7-9d90-bba66fdb6202,95,帕萨特系列,VEHICLE_MODEL,帕萨特系列是大众品牌的一款车型，包括SVW7203QSD(帕萨特)，行驶里程为3.2万公里。,['68ccd9cdfb252b2bd7c53ee44b9e89602f2265848a662bded6f449414e7f6b943fdc4915466855fd1cc30a9b28b0bbac0086b73b29470a47c0f3de238f4bef3b'],1,2,0.0,0.0
0ebeaa14-e2d4-4757-8e1b-7ecdd5164a34,96,发动机,COMPONENT,发动机是车辆的核心部件，涉及正时链条松动或张紧器故障问题。,['68ccd9cdfb252b2bd7c53ee44b9e89602f2265848a662bded6f449414e7f6b943fdc4915466855fd1cc30a9b28b0bbac0086b73b29470a47c0f3de238f4bef3b'],1,4,0.0,0.0
fab49198-e75a-4738-8c20-a6cfd3e1a38e,97,正时链条松动,DEFECT,车辆发动机正时链条存在轻微松动现象，属于正常磨损范围内，但已接近更换周期。,['68ccd9cdfb252b2bd7c53ee44b9e89602f2265848a662bded6f449414e7f6b943fdc4915466855fd1cc30a9b28b0bbac0086b73b29470a47c0f3de238f4bef3b'],1,4,0.0,0.0
e67314f4-1861-4314-b97c-1d30dab33135,98,张紧器故障,DEFECT,发动机张紧器可能存在故障，导致怠速和低速行驶时发动机舱出现异响。,['68ccd9cdfb252b2bd7c53ee44b9e89602f2265848a662bded6f449414e7f6b943fdc4915466855fd1cc30a9b28b0bbac0086b73b29470a47c0f3de238f4bef3b'],1,4,0.0,0.0
e3b5a34a-b1d9-4d4a-b344-f542b0a68c41,99,免费更换正时链条及张紧器,REPAIR_MEASURE,已安排4S店联系客户进行检修，更换正时链条及张紧器，由于车辆在保修期内，免费提供维修服务。,['68ccd9cdfb252b2bd7c53ee44b9e89602f2265848a662bded6f449414e7f6b943fdc4915466855fd1cc30a9b28b0bbac0086b73b29470a47c0f3de238f4bef3b'],1,3,0.0,0.0
ab3dcfa8-5083-4822-85a8-539913e23f0c,100,首次反馈已提交,EVALUATION_STATUS,"""首次反馈已提交""指消费者或缺陷报告的首次反馈已成功提交。根据描述，消费者的首次反馈已通过评估，并安排了维修。同时，缺陷报告的首次反馈也已提交，目前正在处理。这表明相关方已开始对问题进行响应和后续处理，体现了产品安全领域中对消费者反馈和缺陷管理的重视。","['68ccd9cdfb252b2bd7c53ee44b9e89602f2265848a662bded6f449414e7f6b943fdc4915466855fd1cc30a9b28b0bbac0086b73b29470a47c0f3de238f4bef3b'
 'a78ffc1ee4126bdf4229637c372adc2624071322725a170052ac9a9cce646cbcfad010db89a6374cfc065b9f2d275b0cb2351adbcb0d8a835cede706769a2491']",2,5,0.0,0.0
e7fae31c-be5f-468a-a55d-ba26feafb756,101,协作网(中国网汽车),WEBSITE,消费者通过协作网(中国网汽车)提交缺陷报告。,['68ccd9cdfb252b2bd7c53ee44b9e89602f2265848a662bded6f449414e7f6b943fdc4915466855fd1cc30a9b28b0bbac0086b73b29470a47c0f3de238f4bef3b'],1,1,0.0,0.0
96737974-5e31-45f7-a681-a1edb252f6eb,102,江苏省,COUNTRY,缺陷报告涉及的消费者所在地为江苏省。,['68ccd9cdfb252b2bd7c53ee44b9e89602f2265848a662bded6f449414e7f6b943fdc4915466855fd1cc30a9b28b0bbac0086b73b29470a47c0f3de238f4bef3b'],1,2,0.0,0.0
6118dee0-f8fc-4744-b931-74833830ab8f,103,南京市,COUNTRY,缺陷报告涉及的消费者所在地为南京市。,['68ccd9cdfb252b2bd7c53ee44b9e89602f2265848a662bded6f449414e7f6b943fdc4915466855fd1cc30a9b28b0bbac0086b73b29470a47c0f3de238f4bef3b'],1,1,0.0,0.0
59044a93-dbf9-4eb8-8297-275ee6afa0de,104,帕萨特行驶3.2万公里发动机异响,COMPLAINT,消费者报告帕萨特车型在行驶过程中发动机舱出现异响，尤其是怠速和低速行驶时更为明显。,['68ccd9cdfb252b2bd7c53ee44b9e89602f2265848a662bded6f449414e7f6b943fdc4915466855fd1cc30a9b28b0bbac0086b73b29470a47c0f3de238f4bef3b'],1,2,0.0,0.0
67959112-02be-484e-8984-56b99e04fb1c,105,车辆在保修期内,EVALUATION_STATUS,车辆在保修期内，消费者可享受免费维修服务。,['68ccd9cdfb252b2bd7c53ee44b9e89602f2265848a662bded6f449414e7f6b943fdc4915466855fd1cc30a9b28b0bbac0086b73b29470a47c0f3de238f4bef3b'],1,1,0.0,0.0
fb9f2842-0d12-4b80-9664-3abe3455d175,106,形式审查已完成,EVALUATION_STATUS,"""形式审查已完成""指的是缺陷报告的形式审查工作已经顺利完成并通过评估。根据相关描述，缺陷报告已通过形式审查，后续处理工作已被安排。这表明该报告在形式审查阶段符合要求，为后续的处理和评估奠定了基础。","['68ccd9cdfb252b2bd7c53ee44b9e89602f2265848a662bded6f449414e7f6b943fdc4915466855fd1cc30a9b28b0bbac0086b73b29470a47c0f3de238f4bef3b'
 'a78ffc1ee4126bdf4229637c372adc2624071322725a170052ac9a9cce646cbcfad010db89a6374cfc065b9f2d275b0cb2351adbcb0d8a835cede706769a2491']",2,4,0.0,0.0
025c1ff4-6051-489b-b005-9bbd7da81ab5,107,正时链条及张紧器,COMPONENT,正时链条及张紧器是发动机的重要部件，涉及维修更换。,['68ccd9cdfb252b2bd7c53ee44b9e89602f2265848a662bded6f449414e7f6b943fdc4915466855fd1cc30a9b28b0bbac0086b73b29470a47c0f3de238f4bef3b'],1,2,0.0,0.0
76952585-8034-499f-9cae-33584a5daa38,108,车辆发动机舱异响,INCIDENT,车辆在怠速和低速行驶时发动机舱出现异响，怀疑与正时链条松动或张紧器故障有关。,['68ccd9cdfb252b2bd7c53ee44b9e89602f2265848a662bded6f449414e7f6b943fdc4915466855fd1cc30a9b28b0bbac0086b73b29470a47c0f3de238f4bef3b'],1,1,0.0,0.0
447b517c-e73d-4187-8e7b-7913db4b356f,109,免费提供维修服务,REPAIR_MEASURE,由于车辆在保修期内，消费者可享受免费维修服务，包括更换正时链条及张紧器。,['68ccd9cdfb252b2bd7c53ee44b9e89602f2265848a662bded6f449414e7f6b943fdc4915466855fd1cc30a9b28b0bbac0086b73b29470a47c0f3de238f4bef3b'],1,3,0.0,0.0
4c5796ea-ed95-451e-b1b7-688be271fb62,110,李四,,,['68ccd9cdfb252b2bd7c53ee44b9e89602f2265848a662bded6f449414e7f6b943fdc4915466855fd1cc30a9b28b0bbac0086b73b29470a47c0f3de238f4bef3b'],1,1,0.0,0.0
a3a77cb7-4c38-419e-b15c-fe5c889ebbfd,111,华为技术有限公司,MANUFACTURER,华为技术有限公司是Mate60手机的生产企业，消费者对其产品质量提出投诉,['648df115cd87b36a9087a53be34fb6859e348a684cf81ac789d398e0e9529b3d419acda2429e1b2bf2ec2a11e5afa1032da0243d272d6fb49c7d08d0c2ca1375'],1,2,0.0,0.0
2cd5b29d-df10-4761-82a3-5ba3485eca90,112,华为MATE60手机,PRODUCT_MODEL,华为Mate60手机是一款通讯设备，消费者反映其存在严重发热和电池快速耗尽问题,['648df115cd87b36a9087a53be34fb6859e348a684cf81ac789d398e0e9529b3d419acda2429e1b2bf2ec2a11e5afa1032da0243d272d6fb49c7d08d0c2ca1375'],1,7,0.0,0.0
e9f8d683-78b5-40a2-ae1b-f240f1f58bf7,113,严重发热,DEFECT,华为Mate60手机在使用三个月后出现严重发热问题,['648df115cd87b36a9087a53be34fb6859e348a684cf81ac789d398e0e9529b3d419acda2429e1b2bf2ec2a11e5afa1032da0243d272d6fb49c7d08d0c2ca1375'],1,3,0.0,0.0
50d556a0-d596-45f6-8397-9b2851a81944,114,电池快速耗尽,DEFECT,华为Mate60手机在使用三个月后出现电池快速耗尽问题,['648df115cd87b36a9087a53be34fb6859e348a684cf81ac789d398e0e9529b3d419acda2429e1b2bf2ec2a11e5afa1032da0243d272d6fb49c7d08d0c2ca1375'],1,3,0.0,0.0
725ef580-911c-4889-8ac6-0e57259dbaea,115,更换同型号新机或退款,REPAIR_MEASURE,消费者要求更换同型号新机或退款以解决问题,['648df115cd87b36a9087a53be34fb6859e348a684cf81ac789d398e0e9529b3d419acda2429e1b2bf2ec2a11e5afa1032da0243d272d6fb49c7d08d0c2ca1375'],1,1,0.0,0.0
0507d73c-05ba-4802-8154-b0f250e50278,116,电子产品质量问题,COMPLAINT,消费者投诉华为Mate60手机存在电子产品质量问题，包括严重发热和电池快速耗尽,['648df115cd87b36a9087a53be34fb6859e348a684cf81ac789d398e0e9529b3d419acda2429e1b2bf2ec2a11e5afa1032da0243d272d6fb49c7d08d0c2ca1375'],1,3,0.0,0.0
4239f31a-a075-489d-983d-d0be260f866d,117,李**,CONSUMER,消费者李**对华为Mate60手机的质量问题提出投诉,['648df115cd87b36a9087a53be34fb6859e348a684cf81ac789d398e0e9529b3d419acda2429e1b2bf2ec2a11e5afa1032da0243d272d6fb49c7d08d0c2ca1375'],1,6,0.0,0.0
be74348c-7813-4a1a-8300-beb4270a6669,118,质量问题,COMPLAINT,消费者投诉华为Mate60手机存在质量问题，包括严重发热和电池快速耗尽,['648df115cd87b36a9087a53be34fb6859e348a684cf81ac789d398e0e9529b3d419acda2429e1b2bf2ec2a11e5afa1032da0243d272d6fb49c7d08d0c2ca1375'],1,5,0.0,0.0
f7394089-ecfc-4857-a44b-c532832e2ce2,119,通讯设备,PRODUCT_CATEGORY,华为Mate60手机属于通讯设备类别,['648df115cd87b36a9087a53be34fb6859e348a684cf81ac789d398e0e9529b3d419acda2429e1b2bf2ec2a11e5afa1032da0243d272d6fb49c7d08d0c2ca1375'],1,2,0.0,0.0
6153f2bf-13fb-4916-bad7-fb0bcfaed79d,120,华为官方旗舰店,,,['648df115cd87b36a9087a53be34fb6859e348a684cf81ac789d398e0e9529b3d419acda2429e1b2bf2ec2a11e5afa1032da0243d272d6fb49c7d08d0c2ca1375'],1,2,0.0,0.0
5988db79-8b05-4df6-ba61-e39b72102eeb,121,制动失灵,DEFECT,制动系统存在失灵问题，严重程度为高，涉及刹车失灵、制动距离长、刹车异响、ABS故障和刹车泵故障,['dde296897e8f9fd3717a13ed3dcc235b75f4cb290f92348af07df300a9f2947a43e80c894e52e7dfcc4f993383f0c35c608b8f67e2f17162088a32cc87799794'],1,1,0.0,0.0
ac2e7242-1e23-4651-b4f3-ee9f126b5902,122,刹车系统,COMPONENT,刹车系统是汽车底盘系统的重要组成部分，可能涉及制动失灵问题,['dde296897e8f9fd3717a13ed3dcc235b75f4cb290f92348af07df300a9f2947a43e80c894e52e7dfcc4f993383f0c35c608b8f67e2f17162088a32cc87799794'],1,7,0.0,0.0
2add65a8-33c0-4d16-bf93-4362eddb5441,123,底盘系统,PRODUCT_CATEGORY,"底盘系统是汽车的重要组成部分，包含刹车系统等关键部件)<|COMPLETE|>(""entity""",['dde296897e8f9fd3717a13ed3dcc235b75f4cb290f92348af07df300a9f2947a43e80c894e52e7dfcc4f993383f0c35c608b8f67e2f17162088a32cc87799794'],1,3,0.0,0.0
03456b82-a5ed-421e-b902-3afc8a503c96,124,制动距离长,DEFECT,制动距离长是制动系统性能下降的一种表现，可能增加碰撞风险,['dde296897e8f9fd3717a13ed3dcc235b75f4cb290f92348af07df300a9f2947a43e80c894e52e7dfcc4f993383f0c35c608b8f67e2f17162088a32cc87799794'],1,1,0.0,0.0
cf681c92-07cf-47e5-9d78-614d6d2935c6,125,刹车异响,DEFECT,刹车异响是制动系统故障的一种表现，可能由刹车部件磨损或故障引起,['dde296897e8f9fd3717a13ed3dcc235b75f4cb290f92348af07df300a9f2947a43e80c894e52e7dfcc4f993383f0c35c608b8f67e2f17162088a32cc87799794'],1,1,0.0,0.0
136fc2ff-45e1-4c41-a404-ebb722b04d41,126,ABS故障,DEFECT,ABS故障是防抱死制动系统的故障，可能导致车辆在紧急制动时失去稳定性,['dde296897e8f9fd3717a13ed3dcc235b75f4cb290f92348af07df300a9f2947a43e80c894e52e7dfcc4f993383f0c35c608b8f67e2f17162088a32cc87799794'],1,1,0.0,0.0
6514bae3-a3aa-489c-9088-bfad0868f983,127,刹车泵故障,DEFECT,刹车泵故障是制动系统中的一种问题，可能导致制动压力不足，影响刹车性能,['dde296897e8f9fd3717a13ed3dcc235b75f4cb290f92348af07df300a9f2947a43e80c894e52e7dfcc4f993383f0c35c608b8f67e2f17162088a32cc87799794'],1,1,0.0,0.0
6bd69f22-bef9-4ef2-a19b-8ab24923441d,128,刹车失灵,,,['dde296897e8f9fd3717a13ed3dcc235b75f4cb290f92348af07df300a9f2947a43e80c894e52e7dfcc4f993383f0c35c608b8f67e2f17162088a32cc87799794'],1,1,0.0,0.0
12872f57-fcf4-436b-9393-23f9ba8a957c,129,王强,CONSUMER,王强，男性，36岁，职业为司机，受教育程度为高中，伤害发生于工作场所。,['0868536767af7b6004e1c146d2e9af623d6632749cf91cf81eae0bbb94d5bc262077f9279856189544531f08ec621d04e13ec5c6af7eda58173a9b8649ae5d9d'],1,8,0.0,0.0
e6b3c763-2871-409c-9a8d-6f8352134af9,130,机械伤害,INJURY,伤害类型为机械伤害，导致右手食指断裂伤，伤害严重程度为中度。,['0868536767af7b6004e1c146d2e9af623d6632749cf91cf81eae0bbb94d5bc262077f9279856189544531f08ec621d04e13ec5c6af7eda58173a9b8649ae5d9d'],1,3,0.0,0.0
0dfeb326-a54c-4c85-9d5d-9ba87a7f5e87,131,右手食指断裂伤,INJURY,伤害临床诊断为右手食指断裂伤，累及肌肉系统，伤害性质为裂伤。,['0868536767af7b6004e1c146d2e9af623d6632749cf91cf81eae0bbb94d5bc262077f9279856189544531f08ec621d04e13ec5c6af7eda58173a9b8649ae5d9d'],1,5,0.0,0.0
058d9224-50fd-4e62-a7cb-3e16349f259c,132,切割机,PRODUCT_CATEGORY,切割机为导致伤害的直接物品，属于C02大类和C0205小类。,['0868536767af7b6004e1c146d2e9af623d6632749cf91cf81eae0bbb94d5bc262077f9279856189544531f08ec621d04e13ec5c6af7eda58173a9b8649ae5d9d'],1,1,0.0,0.0
c118c64c-369c-47a4-9111-07779eb6d89b,133,广东省,COUNTRY,广东省是伤害发生地，同时也是消费者所在的省份，其中消费者所在的城市为深圳市。这表明与产品安全相关的事件可能集中在广东省，尤其是深圳市，需进一步关注该地区的产品安全问题。,"['0868536767af7b6004e1c146d2e9af623d6632749cf91cf81eae0bbb94d5bc262077f9279856189544531f08ec621d04e13ec5c6af7eda58173a9b8649ae5d9d'
 'a78ffc1ee4126bdf4229637c372adc2624071322725a170052ac9a9cce646cbcfad010db89a6374cfc065b9f2d275b0cb2351adbcb0d8a835cede706769a2491']",2,3,0.0,0.0
771d63fa-496a-4fbe-9394-5c4ae924d045,134,手外科,EVALUATION_STATUS,伤害由手外科部门处理，患者被转院。,['0868536767af7b6004e1c146d2e9af623d6632749cf91cf81eae0bbb94d5bc262077f9279856189544531f08ec621d04e13ec5c6af7eda58173a9b8649ae5d9d'],1,1,0.0,0.0
fa6d6cc5-261e-414e-8c58-ef34ff72a837,135,2023-07-01 18:45,INCIDENT,伤害就诊时间为2023年7月1日18:45。,['0868536767af7b6004e1c146d2e9af623d6632749cf91cf81eae0bbb94d5bc262077f9279856189544531f08ec621d04e13ec5c6af7eda58173a9b8649ae5d9d'],1,1,0.0,0.0
c35fc820-53bb-49cd-8a06-b785cad03296,136,工作场所,INCIDENT,伤害发生地点为工作场所。,['0868536767af7b6004e1c146d2e9af623d6632749cf91cf81eae0bbb94d5bc262077f9279856189544531f08ec621d04e13ec5c6af7eda58173a9b8649ae5d9d'],1,1,0.0,0.0
17884e11-252a-4ab9-872c-236ce4a2a4a9,137,工作,INCIDENT,伤害发生时的活动为工作。,['0868536767af7b6004e1c146d2e9af623d6632749cf91cf81eae0bbb94d5bc262077f9279856189544531f08ec621d04e13ec5c6af7eda58173a9b8649ae5d9d'],1,1,0.0,0.0
a8601c27-4bfe-406a-bda3-8854abfa4ab3,138,未饮酒,EVALUATION_STATUS,在伤害发生时，张伟未饮酒。这表明在事件发生时，张伟处于清醒状态，与饮酒行为无关，可能对事件的分析和责任认定具有重要意义。,"['0868536767af7b6004e1c146d2e9af623d6632749cf91cf81eae0bbb94d5bc262077f9279856189544531f08ec621d04e13ec5c6af7eda58173a9b8649ae5d9d'
 'b5e716b1f062d511dd300de9550d02c3bac9015435cfb840355683cdd562a54daecf4210b69e0e6bc76d725f4264f6b044ad86347615d4b66f10e58b7568d84c'
 'b454fdb3424e9315fdf1f60a4a4ef58cfd7612d446c32c71b60cec7d54d02d8d7495464da04af2e93e5d1bf94425c7632e2855a42baaa427ea5094f65137a3d8']",3,3,0.0,0.0
4c215097-be80-4ccf-9153-fd33e4432332,139,裂伤,INJURY,伤害性质为裂伤。,['0868536767af7b6004e1c146d2e9af623d6632749cf91cf81eae0bbb94d5bc262077f9279856189544531f08ec621d04e13ec5c6af7eda58173a9b8649ae5d9d'],1,2,0.0,0.0
b4babe1c-1657-460c-ae5e-e1701ce828fc,140,手指,COMPONENT,伤害部位为手指。,['0868536767af7b6004e1c146d2e9af623d6632749cf91cf81eae0bbb94d5bc262077f9279856189544531f08ec621d04e13ec5c6af7eda58173a9b8649ae5d9d'],1,0,,
5a5669df-8814-4442-8f01-621f23ac0ce8,141,肌肉系统,COMPONENT,伤害累及系统为肌肉系统。,['0868536767af7b6004e1c146d2e9af623d6632749cf91cf81eae0bbb94d5bc262077f9279856189544531f08ec621d04e13ec5c6af7eda58173a9b8649ae5d9d'],1,1,0.0,0.0
009bb868-a0e2-44b2-a5f2-f32c52b49cbc,142,中度,EVALUATION_STATUS,伤害严重程度为中度。,['0868536767af7b6004e1c146d2e9af623d6632749cf91cf81eae0bbb94d5bc262077f9279856189544531f08ec621d04e13ec5c6af7eda58173a9b8649ae5d9d'],1,1,0.0,0.0
ec900793-fbe7-4c43-bb09-f863da42f09e,143,转院,EVALUATION_STATUS,伤害结局为转院。,['0868536767af7b6004e1c146d2e9af623d6632749cf91cf81eae0bbb94d5bc262077f9279856189544531f08ec621d04e13ec5c6af7eda58173a9b8649ae5d9d'],1,1,0.0,0.0
2faf4b1c-6527-4aff-a23b-2d6a63e533b0,144,13500123456,NOTIFICATION_METHOD,联系电话为13500123456。,['0868536767af7b6004e1c146d2e9af623d6632749cf91cf81eae0bbb94d5bc262077f9279856189544531f08ec621d04e13ec5c6af7eda58173a9b8649ae5d9d'],1,1,0.0,0.0
05e6a837-85f7-45c4-a7f1-14f0ca23cf3f,145,2023-07-01,,,['0868536767af7b6004e1c146d2e9af623d6632749cf91cf81eae0bbb94d5bc262077f9279856189544531f08ec621d04e13ec5c6af7eda58173a9b8649ae5d9d'],1,1,0.0,0.0
41b47141-7ea3-4851-ac13-d4e443a2a16d,146,杭州家电科技有限公司,MANUFACTURER,杭州家电科技有限公司位于浙江省，因产品质量问题正在接受调查，预计两周内提交自查报告和整改方案。,['fd3c621c557780e5e43c77a826849aeb0633b46c07455dffcbcd3f9dc3805f96f425c72bd42b6e856a8ef61692204e3666a3966c6ebdd06637e3af819432c295'],1,6,0.0,0.0
60badfe5-8592-4fa4-a7a7-6e88eceb8d6a,147,产品质量问题,COMPLAINT,杭州家电科技有限公司因产品质量问题被要求进行全面检查并提交整改方案。,['fd3c621c557780e5e43c77a826849aeb0633b46c07455dffcbcd3f9dc3805f96f425c72bd42b6e856a8ef61692204e3666a3966c6ebdd06637e3af819432c295'],1,1,0.0,0.0
597a5752-4dd9-474e-8294-489e72bf65d9,148,整改方案,REPAIR_MEASURE,杭州家电科技有限公司预计两周内提交自查报告和整改方案以解决产品质量问题。,['fd3c621c557780e5e43c77a826849aeb0633b46c07455dffcbcd3f9dc3805f96f425c72bd42b6e856a8ef61692204e3666a3966c6ebdd06637e3af819432c295'],1,1,0.0,0.0
22dd3dd3-ebe3-4ec5-9f42-ee9c5630f81f,149,调查通知,NOTIFICATION_METHOD,杭州家电科技有限公司已收到调查通知，要求对相关批次产品进行全面检查。,['fd3c621c557780e5e43c77a826849aeb0633b46c07455dffcbcd3f9dc3805f96f425c72bd42b6e856a8ef61692204e3666a3966c6ebdd06637e3af819432c295'],1,1,0.0,0.0
b15a5ce7-7b42-48b6-9a68-4dac415788d4,150,全面检查,EVALUATION_STATUS,杭州家电科技有限公司正在对相关批次产品进行全面检查，以解决产品质量问题。,['fd3c621c557780e5e43c77a826849aeb0633b46c07455dffcbcd3f9dc3805f96f425c72bd42b6e856a8ef61692204e3666a3966c6ebdd06637e3af819432c295'],1,1,0.0,0.0
e3416ff7-df57-49f9-92a7-ba5d1107c00e,151,202406期,EVALUATION_STATUS,202406期是杭州家电科技有限公司案例处理的时间节点。,['fd3c621c557780e5e43c77a826849aeb0633b46c07455dffcbcd3f9dc3805f96f425c72bd42b6e856a8ef61692204e3666a3966c6ebdd06637e3af819432c295'],1,1,0.0,0.0
6a453d15-c528-45ea-b7c3-2e1a4e6eb39d,152,浙江省,,,['fd3c621c557780e5e43c77a826849aeb0633b46c07455dffcbcd3f9dc3805f96f425c72bd42b6e856a8ef61692204e3666a3966c6ebdd06637e3af819432c295'],1,1,0.0,0.0
2058d32d-c357-41bb-af91-82d85250a5c0,153,李娜,CONSUMER,李娜，33岁，女性，职业为教师，居住在北京市，受教育程度为本科,['b5e716b1f062d511dd300de9550d02c3bac9015435cfb840355683cdd562a54daecf4210b69e0e6bc76d725f4264f6b044ad86347615d4b66f10e58b7568d84c'],1,5,0.0,0.0
6a6856fc-fa46-4745-a6f0-393d253eb346,154,跌倒/坠落,INCIDENT,伤害发生原因是跌倒/坠落，地点为家中，活动为日常活动,['b5e716b1f062d511dd300de9550d02c3bac9015435cfb840355683cdd562a54daecf4210b69e0e6bc76d725f4264f6b044ad86347615d4b66f10e58b7568d84c'],1,4,0.0,0.0
b1517267-a4cf-4c23-b0c0-7bd92eee2675,155,家中,LOCATION,伤害发生地点为家中,['b5e716b1f062d511dd300de9550d02c3bac9015435cfb840355683cdd562a54daecf4210b69e0e6bc76d725f4264f6b044ad86347615d4b66f10e58b7568d84c'],1,1,0.0,0.0
9ac082be-3388-455b-b8b6-c2bb994aca69,156,骨折,INJURY,伤害性质为骨折，部位为手腕，累及骨骼系统，严重程度为中度,['b5e716b1f062d511dd300de9550d02c3bac9015435cfb840355683cdd562a54daecf4210b69e0e6bc76d725f4264f6b044ad86347615d4b66f10e58b7568d84c'],1,3,0.0,0.0
391b079b-2f2a-4533-bcf3-7d98f718b2d3,157,手腕,BODY_PART,伤害部位为手腕,['b5e716b1f062d511dd300de9550d02c3bac9015435cfb840355683cdd562a54daecf4210b69e0e6bc76d725f4264f6b044ad86347615d4b66f10e58b7568d84c'],1,1,0.0,0.0
816d9353-54d3-453a-b5d7-2eb691da060b,158,骨骼系统,SYSTEM,伤害累及骨骼系统,['b5e716b1f062d511dd300de9550d02c3bac9015435cfb840355683cdd562a54daecf4210b69e0e6bc76d725f4264f6b044ad86347615d4b66f10e58b7568d84c'],1,1,0.0,0.0
e5a5f581-bf14-48e2-aaf9-1661ade5063b,159,桡骨远端骨折,INJURY,临床诊断为桡骨远端骨折,['b5e716b1f062d511dd300de9550d02c3bac9015435cfb840355683cdd562a54daecf4210b69e0e6bc76d725f4264f6b044ad86347615d4b66f10e58b7568d84c'],1,3,0.0,0.0
b6019456-3f4a-4d84-87b6-ed8fe0734463,160,住院治疗,EVALUATION_STATUS,伤害结局为住院治疗,['b5e716b1f062d511dd300de9550d02c3bac9015435cfb840355683cdd562a54daecf4210b69e0e6bc76d725f4264f6b044ad86347615d4b66f10e58b7568d84c'],1,1,0.0,0.0
14441d2f-9b9c-411f-a113-ecca7d9779f2,161,地板,PRODUCT_CATEGORY,伤害与产品使用关系为间接导致，物品名称为地板,['b5e716b1f062d511dd300de9550d02c3bac9015435cfb840355683cdd562a54daecf4210b69e0e6bc76d725f4264f6b044ad86347615d4b66f10e58b7568d84c'],1,2,0.0,0.0
0a0967a1-d9f7-4ecd-b21f-e14b72c10218,162,骨科,DEPARTMENT,填卡部门为骨科,['b5e716b1f062d511dd300de9550d02c3bac9015435cfb840355683cdd562a54daecf4210b69e0e6bc76d725f4264f6b044ad86347615d4b66f10e58b7568d84c'],1,1,0.0,0.0
59da72a3-f793-4c2c-8fbc-010ac45f811a,163,教师,OCCUPATION,职业为教师,['b5e716b1f062d511dd300de9550d02c3bac9015435cfb840355683cdd562a54daecf4210b69e0e6bc76d725f4264f6b044ad86347615d4b66f10e58b7568d84c'],1,1,0.0,0.0
5bb175a5-a54d-4165-b4ad-c3bae4c854a8,164,日常活动,ACTIVITY,伤害发生时的活动为日常活动,['b5e716b1f062d511dd300de9550d02c3bac9015435cfb840355683cdd562a54daecf4210b69e0e6bc76d725f4264f6b044ad86347615d4b66f10e58b7568d84c'],1,1,0.0,0.0
d96f28d5-cd64-420b-9e19-85f520dadeb1,165,间接导致,SERVICE_ISSUE,伤害与产品使用关系为间接导致,['b5e716b1f062d511dd300de9550d02c3bac9015435cfb840355683cdd562a54daecf4210b69e0e6bc76d725f4264f6b044ad86347615d4b66f10e58b7568d84c'],1,1,0.0,0.0
c862f577-1c85-47c7-b07f-6229ad559f89,166,13987654321,NOTIFICATION_METHOD,联系电话为13987654321,['b5e716b1f062d511dd300de9550d02c3bac9015435cfb840355683cdd562a54daecf4210b69e0e6bc76d725f4264f6b044ad86347615d4b66f10e58b7568d84c'],1,1,0.0,0.0
fa91924b-2046-4110-8d4c-65d4636a42e6,167,北京市,,,['b5e716b1f062d511dd300de9550d02c3bac9015435cfb840355683cdd562a54daecf4210b69e0e6bc76d725f4264f6b044ad86347615d4b66f10e58b7568d84c'],1,1,0.0,0.0
23ddb520-0e2a-4037-ac9b-e41d91d1ef5d,168,屏幕损坏,DEFECT,屏幕存在损坏问题，包括破裂、花屏、黑屏、显示异常和触摸失灵，严重程度为中,['a79d1059cbd42a5b13b468a04b2fea7a81b4f87561c6c0cfcf94ded98e4b1167d915c02c822d9450500e95df3d4558c3f8b71b98fce96d064691d7f726303b9a'],1,3,0.0,0.0
451f8ecc-4382-404b-bace-e84541a5da6a,169,显示问题,,,['a79d1059cbd42a5b13b468a04b2fea7a81b4f87561c6c0cfcf94ded98e4b1167d915c02c822d9450500e95df3d4558c3f8b71b98fce96d064691d7f726303b9a'],1,3,0.0,0.0
4b5793f5-cdaf-466e-932f-fa94607861e6,170,蒙迪欧,VEHICLE_MODEL,蒙迪欧是福特品牌的一款车型，涉及刹车失灵隐患的安全召回事件。,['4b87116c3076ce3947200be42f9c74d95512b541e3d8bec6c79f28083450b1447f221d1a067a11615c51e858d5f71c73b99e6dce531553438bda3a24ed21a079'],1,2,0.0,0.0
b54ac36b-c656-4c5f-8f1c-c299b611827a,171,制动系统,COMPONENT,制动系统是车辆的重要组成部分，涉及刹车失灵隐患的安全召回事件。,['4b87116c3076ce3947200be42f9c74d95512b541e3d8bec6c79f28083450b1447f221d1a067a11615c51e858d5f71c73b99e6dce531553438bda3a24ed21a079'],1,2,0.0,0.0
172f1b9f-40d5-4810-a840-2ab8e58600d4,172,刹车总泵,COMPONENT,刹车总泵是制动系统中的关键部件，涉及刹车失灵隐患的安全召回事件。,['4b87116c3076ce3947200be42f9c74d95512b541e3d8bec6c79f28083450b1447f221d1a067a11615c51e858d5f71c73b99e6dce531553438bda3a24ed21a079'],1,2,0.0,0.0
1dd86ddb-8087-4713-8332-5e16dad7fe54,173,刹车失灵隐患,DEFECT,刹车失灵隐患可能导致车辆无法正常制动，存在安全风险。,['4b87116c3076ce3947200be42f9c74d95512b541e3d8bec6c79f28083450b1447f221d1a067a11615c51e858d5f71c73b99e6dce531553438bda3a24ed21a079'],1,2,0.0,0.0
68cc1197-1b94-4323-84f0-1a2006fe3936,174,全国范围内召回检修,REPAIR_MEASURE,长安福特针对刹车失灵隐患实施全国范围内召回检修，以解决问题。,['4b87116c3076ce3947200be42f9c74d95512b541e3d8bec6c79f28083450b1447f221d1a067a11615c51e858d5f71c73b99e6dce531553438bda3a24ed21a079'],1,2,0.0,0.0
348acdf3-9816-4742-9fec-438ec5c4395c,175,HTTP://WWW.XINHUANET.COM/AUTO/RECALL-45678,WEBSITE,有关长安福特刹车失灵隐患召回事件的详细信息可通过此链接查看。,['4b87116c3076ce3947200be42f9c74d95512b541e3d8bec6c79f28083450b1447f221d1a067a11615c51e858d5f71c73b99e6dce531553438bda3a24ed21a079'],1,2,0.0,0.0
e9e480e5-2d05-4dfb-857d-55d3f0357294,176,安全召回,RECALL,长安福特针对刹车失灵隐患实施了安全召回措施，以保障消费者安全。,['4b87116c3076ce3947200be42f9c74d95512b541e3d8bec6c79f28083450b1447f221d1a067a11615c51e858d5f71c73b99e6dce531553438bda3a24ed21a079'],1,3,0.0,0.0
9add039e-25d7-4c43-ba1c-c16156b4f3f0,177,新闻网站,WEBSITE,新闻网站是发布与长安福特刹车失灵隐患相关信息的平台。,['4b87116c3076ce3947200be42f9c74d95512b541e3d8bec6c79f28083450b1447f221d1a067a11615c51e858d5f71c73b99e6dce531553438bda3a24ed21a079'],1,2,0.0,0.0
37946887-0961-4519-9cd4-82ea31908a9c,178,全国范围,COUNTRY,长安福特的召回检修覆盖全国范围，以解决刹车失灵隐患问题。,['4b87116c3076ce3947200be42f9c74d95512b541e3d8bec6c79f28083450b1447f221d1a067a11615c51e858d5f71c73b99e6dce531553438bda3a24ed21a079'],1,1,0.0,0.0
0c438902-d285-43f4-92b2-8ace1514f1d5,179,传播影响力值89,EVALUATION_STATUS,长安福特刹车失灵隐患事件的传播影响力值为89，表明事件受到了广泛关注。,['4b87116c3076ce3947200be42f9c74d95512b541e3d8bec6c79f28083450b1447f221d1a067a11615c51e858d5f71c73b99e6dce531553438bda3a24ed21a079'],1,1,0.0,0.0
9b41988d-6e66-40d8-bd7e-5b87fa9a5cfe,180,百度权重9,EVALUATION_STATUS,长安福特刹车失灵隐患事件的百度权重为9，显示其在搜索引擎中的重要性。,['4b87116c3076ce3947200be42f9c74d95512b541e3d8bec6c79f28083450b1447f221d1a067a11615c51e858d5f71c73b99e6dce531553438bda3a24ed21a079'],1,1,0.0,0.0
7103454a-5c54-4adc-83f7-d39e31b95928,181,新华网,,,['4b87116c3076ce3947200be42f9c74d95512b541e3d8bec6c79f28083450b1447f221d1a067a11615c51e858d5f71c73b99e6dce531553438bda3a24ed21a079'],1,2,0.0,0.0
a5e6adbe-631c-4710-b986-8690fd4e9f84,182,上汽通用汽车有限公司,MANUFACTURER,上汽通用汽车有限公司是别克品牌车辆的生产者，专注于制造包括别克昂科威和昂科威Plus车型在内的多款汽车。该公司在产品安全领域涉及召回事件，体现其对车辆质量和消费者安全的重视。作为一家汽车制造商，上汽通用汽车有限公司在别克品牌的生产和管理中发挥着重要作用，致力于提供高品质的汽车产品以满足市场需求。,"['2ac8f87919b440426447f5c823b514506fdc08fd1c4f7fcd7e67f47ad228fb0ab1f65274d1d8151b243d80af21d1ef52cc1529f13cc4811b8ce9ae20bfa36858'
 'f5b3e9d71d0afc0e950649922d3336ac04a906846b2f08df5376a95581005f7a4dc162a8e0752b33cb2f1edbce8734c2b9df2359b766c73b6f4302eef724527b']",2,2,0.0,0.0
836db3ed-6848-4a59-82a3-e3de4e969802,183,SGM-6R,VEHICLE_MODEL,SGM-6R是别克品牌的一款车型，涉及召回事件。,['2ac8f87919b440426447f5c823b514506fdc08fd1c4f7fcd7e67f47ad228fb0ab1f65274d1d8151b243d80af21d1ef52cc1529f13cc4811b8ce9ae20bfa36858'],1,1,0.0,0.0
3a44aee9-8120-4da5-8988-cb6f3f30c764,184,燃油泵电机,COMPONENT,燃油泵电机是车辆燃油系统中的关键部件，可能存在异常磨损问题。,['2ac8f87919b440426447f5c823b514506fdc08fd1c4f7fcd7e67f47ad228fb0ab1f65274d1d8151b243d80af21d1ef52cc1529f13cc4811b8ce9ae20bfa36858'],1,2,0.0,0.0
8327453e-b7d6-4136-82c1-04f65c8f3ca4,185,异常磨损,DEFECT,燃油泵电机可能存在异常磨损问题，可能导致发动机熄火，增加交通事故风险。,['2ac8f87919b440426447f5c823b514506fdc08fd1c4f7fcd7e67f47ad228fb0ab1f65274d1d8151b243d80af21d1ef52cc1529f13cc4811b8ce9ae20bfa36858'],1,3,0.0,0.0
10565f7d-6cfa-44e1-a4a4-660a42459310,186,免费更换改进后的燃油泵总成,REPAIR_MEASURE,召回维修措施包括免费更换改进后的燃油泵总成。,['2ac8f87919b440426447f5c823b514506fdc08fd1c4f7fcd7e67f47ad228fb0ab1f65274d1d8151b243d80af21d1ef52cc1529f13cc4811b8ce9ae20bfa36858'],1,1,0.0,0.0
5757b639-67f1-43ec-850a-84ef8e6f133a,187,优化燃油泵电机设计,REPAIR_MEASURE,生产车辆改进措施包括优化燃油泵电机设计。,['2ac8f87919b440426447f5c823b514506fdc08fd1c4f7fcd7e67f47ad228fb0ab1f65274d1d8151b243d80af21d1ef52cc1529f13cc4811b8ce9ae20bfa36858'],1,1,0.0,0.0
7bcba8c6-286e-4f71-a54e-6f823d91605c,188,挂号信,NOTIFICATION_METHOD,车主通知方式包括通过挂号信进行通知。,['2ac8f87919b440426447f5c823b514506fdc08fd1c4f7fcd7e67f47ad228fb0ab1f65274d1d8151b243d80af21d1ef52cc1529f13cc4811b8ce9ae20bfa36858'],1,1,0.0,0.0
9f1144e4-050f-4a25-a668-60e362a907cb,189,电子邮件,NOTIFICATION_METHOD,车主通知方式包括通过电子邮件进行通知。,['2ac8f87919b440426447f5c823b514506fdc08fd1c4f7fcd7e67f47ad228fb0ab1f65274d1d8151b243d80af21d1ef52cc1529f13cc4811b8ce9ae20bfa36858'],1,1,0.0,0.0
7372e943-fb98-4752-8e4c-7fe50d7b8803,190,服务热线,NOTIFICATION_METHOD,车主通知方式包括通过服务热线进行通知，座机拨打号码为400。,['2ac8f87919b440426447f5c823b514506fdc08fd1c4f7fcd7e67f47ad228fb0ab1f65274d1d8151b243d80af21d1ef52cc1529f13cc4811b8ce9ae20bfa36858'],1,1,0.0,0.0
af6f0325-f2d5-42f1-8249-467c1220d104,191,国家市场监督管理总局缺陷产品召回技术中心网站,WEBSITE,用户可登录国家市场监督管理总局缺陷产品召回技术中心网站（www.samrdprc.org.cn）了解更多信息。,['2ac8f87919b440426447f5c823b514506fdc08fd1c4f7fcd7e67f47ad228fb0ab1f65274d1d8151b243d80af21d1ef52cc1529f13cc4811b8ce9ae20bfa36858'],1,2,0.0,0.0
1f68eb6a-911e-4442-a328-242b314c428e,192,微信公众号SAMRDPRC,WEBSITE,用户可关注微信公众号（SAMRDPRC）了解更多信息。,['2ac8f87919b440426447f5c823b514506fdc08fd1c4f7fcd7e67f47ad228fb0ab1f65274d1d8151b243d80af21d1ef52cc1529f13cc4811b8ce9ae20bfa36858'],1,1,0.0,0.0
04f29fc2-08c5-40f0-8c21-c95b4c1f7ac9,193,热线电话010-59799616,NOTIFICATION_METHOD,用户可拨打国家市场监督管理总局缺陷产品召回技术中心热线电话：010-59799616，反映召回活动实施过程中的问题或提交缺陷线索。,['2ac8f87919b440426447f5c823b514506fdc08fd1c4f7fcd7e67f47ad228fb0ab1f65274d1d8151b243d80af21d1ef52cc1529f13cc4811b8ce9ae20bfa36858'],1,1,0.0,0.0
8d69b7f4-b358-4d2e-a6c2-6f69653f1e1f,194,国产,PRODUCT_CATEGORY,召回车辆属于国产类别。,['2ac8f87919b440426447f5c823b514506fdc08fd1c4f7fcd7e67f47ad228fb0ab1f65274d1d8151b243d80af21d1ef52cc1529f13cc4811b8ce9ae20bfa36858'],1,1,0.0,0.0
94859af2-5e4c-46a2-ba83-88d5857e13ae,195,合资,PRODUCT_CATEGORY,召回车辆属于合资类别。,['2ac8f87919b440426447f5c823b514506fdc08fd1c4f7fcd7e67f47ad228fb0ab1f65274d1d8151b243d80af21d1ef52cc1529f13cc4811b8ce9ae20bfa36858'],1,1,0.0,0.0
7e53399b-6ef4-4257-8cca-eba06a0d8c71,196,乘用车,PRODUCT_CATEGORY,此次召回涉及的产品类别为乘用车，召回车辆均属于乘用车类别。这表明召回范围限定在乘用车这一特定领域，强调了该类别产品的安全性问题。,"['2ac8f87919b440426447f5c823b514506fdc08fd1c4f7fcd7e67f47ad228fb0ab1f65274d1d8151b243d80af21d1ef52cc1529f13cc4811b8ce9ae20bfa36858'
 '6cd3f80a42aadb0646807718032bbd6ecfc9cf1b81e27e400f14d0b1ab3412b5200cb5c88b35527494a03c5a79e24863fcda8e42d8100621a8d64482d28cb61c']",2,1,0.0,0.0
711efd28-e252-47d9-a223-827543a6e080,197,L2,PRODUCT_MODEL,召回车辆的型号为L2。,['2ac8f87919b440426447f5c823b514506fdc08fd1c4f7fcd7e67f47ad228fb0ab1f65274d1d8151b243d80af21d1ef52cc1529f13cc4811b8ce9ae20bfa36858'],1,1,0.0,0.0
e3a9b320-6b8f-4094-b44d-666d9d3bc0a6,198,44201至44598,PRODUCT_MODEL,召回车辆的生产日期范围为44201至44598。,['2ac8f87919b440426447f5c823b514506fdc08fd1c4f7fcd7e67f47ad228fb0ab1f65274d1d8151b243d80af21d1ef52cc1529f13cc4811b8ce9ae20bfa36858'],1,0,,
58d734d5-297f-4cd5-9387-ada614c4e9c8,199,如发现燃油泵异响，请立即停车并联系经销商,SERVICE_ISSUE,应急处置方法建议车主如发现燃油泵异响，请立即停车并联系经销商。,['2ac8f87919b440426447f5c823b514506fdc08fd1c4f7fcd7e67f47ad228fb0ab1f65274d1d8151b243d80af21d1ef52cc1529f13cc4811b8ce9ae20bfa36858'],1,1,0.0,0.0
d819c2c4-b90b-4261-9000-c83a7b39e9a5,200,8件投诉索赔,COMPLAINT,召回事件中涉及8件投诉索赔。,['2ac8f87919b440426447f5c823b514506fdc08fd1c4f7fcd7e67f47ad228fb0ab1f65274d1d8151b243d80af21d1ef52cc1529f13cc4811b8ce9ae20bfa36858'],1,1,0.0,0.0
14736851-91f6-4dd3-b9bd-64afc39b0fc5,201,无事故及人员伤亡,INCIDENT,召回事件中未报告事故及人员伤亡情况。,['2ac8f87919b440426447f5c823b514506fdc08fd1c4f7fcd7e67f47ad228fb0ab1f65274d1d8151b243d80af21d1ef52cc1529f13cc4811b8ce9ae20bfa36858'],1,1,0.0,0.0
0d9729c4-e4d2-474e-b315-6124171345c2,202,通知车主时间,NOTIFICATION_METHOD,"""通知车主时间""指的是车主被通知的具体时间。根据描述，车主通知的方式包括短信、电话和服务热线，且通知时间已明确。这些方式旨在确保车主能够及时接收到相关信息，从而提高信息传递的效率和准确性。","['2ac8f87919b440426447f5c823b514506fdc08fd1c4f7fcd7e67f47ad228fb0ab1f65274d1d8151b243d80af21d1ef52cc1529f13cc4811b8ce9ae20bfa36858'
 '6cd3f80a42aadb0646807718032bbd6ecfc9cf1b81e27e400f14d0b1ab3412b5200cb5c88b35527494a03c5a79e24863fcda8e42d8100621a8d64482d28cb61c']",2,4,0.0,0.0
9066804b-49e8-4dd1-ab41-2572c27878f8,203,召回编号QCZH_20250302,,,['2ac8f87919b440426447f5c823b514506fdc08fd1c4f7fcd7e67f47ad228fb0ab1f65274d1d8151b243d80af21d1ef52cc1529f13cc4811b8ce9ae20bfa36858'],1,2,0.0,0.0
5ec1d3c7-8be9-4445-9f4f-483fd1ca2f4e,204,昂科威,VEHICLE_MODEL,昂科威是别克品牌的一款车型，包括2020款28T四驱精英型和2021款28T四驱豪华型,['f5b3e9d71d0afc0e950649922d3336ac04a906846b2f08df5376a95581005f7a4dc162a8e0752b33cb2f1edbce8734c2b9df2359b766c73b6f4302eef724527b'],1,1,0.0,0.0
e4835498-e2c8-4ebd-a726-f7493643dabd,205,昂科威PLUS,VEHICLE_MODEL,昂科威Plus是别克品牌的一款车型，包括2020款28T四驱精英型和2021款28T四驱豪华型,['f5b3e9d71d0afc0e950649922d3336ac04a906846b2f08df5376a95581005f7a4dc162a8e0752b33cb2f1edbce8734c2b9df2359b766c73b6f4302eef724527b'],1,1,0.0,0.0
52ac5bae-b53a-4ffb-9cb0-41ab8b99fbe1,206,前悬架减震器支架,COMPONENT,前悬架减震器支架是底盘系统的一部分，可能因材料疲劳产生微裂纹,['f5b3e9d71d0afc0e950649922d3336ac04a906846b2f08df5376a95581005f7a4dc162a8e0752b33cb2f1edbce8734c2b9df2359b766c73b6f4302eef724527b'],1,2,0.0,0.0
45fcd718-547a-4956-b373-bb6f11496509,207,材料疲劳微裂纹,DEFECT,材料疲劳微裂纹可能导致行驶过程中出现异响，严重情况下可能影响车辆操控性,['f5b3e9d71d0afc0e950649922d3336ac04a906846b2f08df5376a95581005f7a4dc162a8e0752b33cb2f1edbce8734c2b9df2359b766c73b6f4302eef724527b'],1,4,0.0,0.0
78b143c8-5b62-418d-8ee3-f12236b3a2b3,208,更换强化版前悬架减震器支架,REPAIR_MEASURE,维修措施包括更换强化版前悬架减震器支架,['f5b3e9d71d0afc0e950649922d3336ac04a906846b2f08df5376a95581005f7a4dc162a8e0752b33cb2f1edbce8734c2b9df2359b766c73b6f4302eef724527b'],1,2,0.0,0.0
3d687964-313b-49f2-ac27-243cfe570fc6,209,行驶过程中出现异响,SERVICE_ISSUE,材料疲劳微裂纹可能导致车辆在行驶过程中出现异响,['f5b3e9d71d0afc0e950649922d3336ac04a906846b2f08df5376a95581005f7a4dc162a8e0752b33cb2f1edbce8734c2b9df2359b766c73b6f4302eef724527b'],1,1,0.0,0.0
ebc57711-3dca-469e-8805-8d003fdb3f69,210,严重情况下可能影响车辆操控性,INJURY,材料疲劳微裂纹可能在严重情况下影响车辆操控性，增加安全风险,['f5b3e9d71d0afc0e950649922d3336ac04a906846b2f08df5376a95581005f7a4dc162a8e0752b33cb2f1edbce8734c2b9df2359b766c73b6f4302eef724527b'],1,1,0.0,0.0
0a179de2-d7a6-443f-80e8-3b2872567e83,211,B0078(S629)-前悬架减震器支架加固_维修通知.PDF,NOTIFICATION_METHOD,维修通知以PDF形式发布，详细说明了维修措施和相关信息,['f5b3e9d71d0afc0e950649922d3336ac04a906846b2f08df5376a95581005f7a4dc162a8e0752b33cb2f1edbce8734c2b9df2359b766c73b6f4302eef724527b'],1,3,0.0,0.0
082ddd9e-f4f7-4aba-9e9c-59310290291c,212,2025-04-05,NOTIFICATION_METHOD,维修通知的提交时间为2025年4月5日,['f5b3e9d71d0afc0e950649922d3336ac04a906846b2f08df5376a95581005f7a4dc162a8e0752b33cb2f1edbce8734c2b9df2359b766c73b6f4302eef724527b'],1,1,0.0,0.0
eb1331f3-52c1-43f7-9237-295bdbe349de,213,2022-10-12,NOTIFICATION_METHOD,维修通知的发布日期为2022年10月12日,['f5b3e9d71d0afc0e950649922d3336ac04a906846b2f08df5376a95581005f7a4dc162a8e0752b33cb2f1edbce8734c2b9df2359b766c73b6f4302eef724527b'],1,1,0.0,0.0
daa5769d-9bf5-4d8b-91ee-381fd2583fb3,214,广州优品电器有限公司,MANUFACTURER,广州优品电器有限公司位于广东省，已完成自查并提交检测报告，未发现产品存在安全隐患，建议企业加强产品质量控制。,['8352872b662eb010a382dcd31f4a128bf949c51700eaac4473a6829d82ef3a66a7384d19250420c747a5d7d1f50095f1b8d63c92f6a4df9e6f7d402f00015e09'],1,4,0.0,0.0
e9bfc6e3-0943-4ceb-bcc9-f7f960f66399,215,消费品调查分析通知书,NOTIFICATION_METHOD,广东省局向广州优品电器有限公司送达了《消费品调查分析通知书》。,['8352872b662eb010a382dcd31f4a128bf949c51700eaac4473a6829d82ef3a66a7384d19250420c747a5d7d1f50095f1b8d63c92f6a4df9e6f7d402f00015e09'],1,1,0.0,0.0
b9669920-b429-467a-9d1e-f074cbb46ccf,216,自查报告,EVALUATION_STATUS,广州优品电器有限公司已完成自查并提交检测报告，未发现产品存在安全隐患。,['8352872b662eb010a382dcd31f4a128bf949c51700eaac4473a6829d82ef3a66a7384d19250420c747a5d7d1f50095f1b8d63c92f6a4df9e6f7d402f00015e09'],1,1,0.0,0.0
687c2911-728c-4c7b-a14c-549723d61ed9,217,产品质量控制,REPAIR_MEASURE,建议广州优品电器有限公司加强产品质量控制以避免潜在问题。,['8352872b662eb010a382dcd31f4a128bf949c51700eaac4473a6829d82ef3a66a7384d19250420c747a5d7d1f50095f1b8d63c92f6a4df9e6f7d402f00015e09'],1,1,0.0,0.0
3210a10a-b63b-4c45-8af4-8855c6b1fed7,218,一汽丰田汽车有限公司,MANUFACTURER,一汽丰田汽车有限公司是一家合资企业，负责生产丰田品牌的卡罗拉系列车型。,['a78ffc1ee4126bdf4229637c372adc2624071322725a170052ac9a9cce646cbcfad010db89a6374cfc065b9f2d275b0cb2351adbcb0d8a835cede706769a2491'],1,1,0.0,0.0
56198b99-cb03-4498-8e8d-9c3bc6b6c135,219,丰田,BRAND,丰田是卡罗拉系列车型的品牌，涉及混合动力系统故障问题。,['a78ffc1ee4126bdf4229637c372adc2624071322725a170052ac9a9cce646cbcfad010db89a6374cfc065b9f2d275b0cb2351adbcb0d8a835cede706769a2491'],1,2,0.0,0.0
9f7b1e18-62c6-4d83-99d8-13c58ce5c446,220,卡罗拉系列,VEHICLE_MODEL,卡罗拉系列是丰田品牌的一款车型，包括混动版，涉及动力电池故障灯亮起的问题。,['a78ffc1ee4126bdf4229637c372adc2624071322725a170052ac9a9cce646cbcfad010db89a6374cfc065b9f2d275b0cb2351adbcb0d8a835cede706769a2491'],1,3,0.0,0.0
3de27bc1-642f-4228-9557-d7e48ade8088,221,电控系统,COMPONENT,电控系统是车辆的重要组成部分，涉及混合动力系统故障问题。,['a78ffc1ee4126bdf4229637c372adc2624071322725a170052ac9a9cce646cbcfad010db89a6374cfc065b9f2d275b0cb2351adbcb0d8a835cede706769a2491'],1,1,0.0,0.0
8c8a9488-686f-46fa-8b6b-6c138cec2fb8,222,动力电池故障灯亮起,DEFECT,卡罗拉混动版动力电池故障灯亮起，导致车辆动力下降，仪表盘显示混合动力系统故障。,['a78ffc1ee4126bdf4229637c372adc2624071322725a170052ac9a9cce646cbcfad010db89a6374cfc065b9f2d275b0cb2351adbcb0d8a835cede706769a2491'],1,5,0.0,0.0
352bc8ef-e3f3-4a9c-98d2-7d38c1b727a0,223,温度传感器故障,DEFECT,混合动力系统温度传感器故障导致系统进入保护模式，属于电子元件正常老化现象。,['a78ffc1ee4126bdf4229637c372adc2624071322725a170052ac9a9cce646cbcfad010db89a6374cfc065b9f2d275b0cb2351adbcb0d8a835cede706769a2491'],1,2,0.0,0.0
4467dfe0-20a8-434f-945b-af584eb41c56,224,更换温度传感器及重置系统,REPAIR_MEASURE,维修措施包括更换温度传感器及重置系统，因车辆在三包期内，免费提供维修服务。,['a78ffc1ee4126bdf4229637c372adc2624071322725a170052ac9a9cce646cbcfad010db89a6374cfc065b9f2d275b0cb2351adbcb0d8a835cede706769a2491'],1,2,0.0,0.0
11e32c17-a738-48a9-948b-316aca66ea58,225,微信公众号,NOTIFICATION_METHOD,消费者通过微信公众号提交缺陷报告。,['a78ffc1ee4126bdf4229637c372adc2624071322725a170052ac9a9cce646cbcfad010db89a6374cfc065b9f2d275b0cb2351adbcb0d8a835cede706769a2491'],1,1,0.0,0.0
880c553a-56a1-4824-88d6-840ef75beaa8,226,混合动力系统故障,SERVICE_ISSUE,混合动力系统故障导致车辆动力下降，需更换相关部件进行维修。,['a78ffc1ee4126bdf4229637c372adc2624071322725a170052ac9a9cce646cbcfad010db89a6374cfc065b9f2d275b0cb2351adbcb0d8a835cede706769a2491'],1,1,0.0,0.0
a3f9ae21-8463-4f3e-8fa8-832dccfcad4b,227,深圳市,COUNTRY,消费者所在城市为深圳市，位于广东省。,['a78ffc1ee4126bdf4229637c372adc2624071322725a170052ac9a9cce646cbcfad010db89a6374cfc065b9f2d275b0cb2351adbcb0d8a835cede706769a2491'],1,1,0.0,0.0
a30a7069-a411-4940-9097-bbbcc40228b1,228,免费维修服务,REPAIR_MEASURE,因车辆在三包期内，消费者获得免费维修服务，包括更换温度传感器及重置系统。,['a78ffc1ee4126bdf4229637c372adc2624071322725a170052ac9a9cce646cbcfad010db89a6374cfc065b9f2d275b0cb2351adbcb0d8a835cede706769a2491'],1,1,0.0,0.0
d1fff922-ea09-4543-ad90-9042f814fffe,229,混合动力,PRODUCT_CATEGORY,卡罗拉系列车型属于混合动力乘用车类别。,['a78ffc1ee4126bdf4229637c372adc2624071322725a170052ac9a9cce646cbcfad010db89a6374cfc065b9f2d275b0cb2351adbcb0d8a835cede706769a2491'],1,0,,
c0b4d932-558f-4df0-9682-7bfe4f269568,230,混合动力系统故障灯,COMPONENT,混合动力系统故障灯是车辆电控系统的一部分，显示系统故障信息。,['a78ffc1ee4126bdf4229637c372adc2624071322725a170052ac9a9cce646cbcfad010db89a6374cfc065b9f2d275b0cb2351adbcb0d8a835cede706769a2491'],1,1,0.0,0.0
4b97d49e-8c35-4b03-a1a0-0d4677fc72e4,231,动力电池组温度异常,DEFECT,动力电池组温度异常导致混合动力系统故障，需更换温度传感器和相关控制模块。,['a78ffc1ee4126bdf4229637c372adc2624071322725a170052ac9a9cce646cbcfad010db89a6374cfc065b9f2d275b0cb2351adbcb0d8a835cede706769a2491'],1,1,0.0,0.0
b4f09270-a085-4bbb-8b53-28820739d337,232,电子元件正常老化现象,DEFECT,混合动力系统温度传感器故障属于电子元件正常老化现象。,['a78ffc1ee4126bdf4229637c372adc2624071322725a170052ac9a9cce646cbcfad010db89a6374cfc065b9f2d275b0cb2351adbcb0d8a835cede706769a2491'],1,0,,
87b47828-4196-42cd-888e-0d779b40b94e,233,三包期,REGULATION,车辆在三包期内，消费者享受免费维修服务。,['a78ffc1ee4126bdf4229637c372adc2624071322725a170052ac9a9cce646cbcfad010db89a6374cfc065b9f2d275b0cb2351adbcb0d8a835cede706769a2491'],1,1,0.0,0.0
4307d963-35ac-4945-a185-53a6d3eedcb1,234,DPAC_CHENXM,NOTIFICATION_METHOD,处理人dpac_chenxm负责接收并处理消费者提交的缺陷报告。,['a78ffc1ee4126bdf4229637c372adc2624071322725a170052ac9a9cce646cbcfad010db89a6374cfc065b9f2d275b0cb2351adbcb0d8a835cede706769a2491'],1,1,0.0,0.0
dda3d39c-e21c-4e57-bb1b-e8df7bba212e,235,DPAC_ZHANGWJ,NOTIFICATION_METHOD,形式审查由dpac_zhangwj完成，缺陷报告评估通过。,['a78ffc1ee4126bdf4229637c372adc2624071322725a170052ac9a9cce646cbcfad010db89a6374cfc065b9f2d275b0cb2351adbcb0d8a835cede706769a2491'],1,1,0.0,0.0
63969b61-1fa4-4328-8f25-0ab5da4fa58b,236,2025-06-15,INCIDENT,缺陷报告处理时间为2025年6月15日。,['a78ffc1ee4126bdf4229637c372adc2624071322725a170052ac9a9cce646cbcfad010db89a6374cfc065b9f2d275b0cb2351adbcb0d8a835cede706769a2491'],1,1,0.0,0.0
5841b6ef-fa06-42ab-966c-b07948382c78,237,2025-06-21,INCIDENT,缺陷报告评估通过时间为2025年6月21日。,['a78ffc1ee4126bdf4229637c372adc2624071322725a170052ac9a9cce646cbcfad010db89a6374cfc065b9f2d275b0cb2351adbcb0d8a835cede706769a2491'],1,1,0.0,0.0
979904e7-6c92-45f3-9f96-0269e24a7b81,238,2025-06-27,INCIDENT,形式审查完成时间为2025年6月27日。,['a78ffc1ee4126bdf4229637c372adc2624071322725a170052ac9a9cce646cbcfad010db89a6374cfc065b9f2d275b0cb2351adbcb0d8a835cede706769a2491'],1,1,0.0,0.0
f6b0a949-abf6-4d3c-b1cc-b7c63d9d6290,239,王五,,,['a78ffc1ee4126bdf4229637c372adc2624071322725a170052ac9a9cce646cbcfad010db89a6374cfc065b9f2d275b0cb2351adbcb0d8a835cede706769a2491'],1,2,0.0,0.0
7e3b26fb-aa97-4708-ab33-91983f445851,240,AUD-1C,VEHICLE_MODEL,AUD-1C是大众品牌的一款车型，涉及召回事件。,['6cd3f80a42aadb0646807718032bbd6ecfc9cf1b81e27e400f14d0b1ab3412b5200cb5c88b35527494a03c5a79e24863fcda8e42d8100621a8d64482d28cb61c'],1,2,0.0,0.0
c814390f-ae4d-442d-bc25-647214dc9a0f,241,制动液压系统密封圈,COMPONENT,制动液压系统中的密封圈可能存在老化问题。,['6cd3f80a42aadb0646807718032bbd6ecfc9cf1b81e27e400f14d0b1ab3412b5200cb5c88b35527494a03c5a79e24863fcda8e42d8100621a8d64482d28cb61c'],1,2,0.0,0.0
8e88a0fa-2792-4f8c-ad9a-0a64c82b7ae8,242,密封圈老化,DEFECT,制动液压系统中的密封圈可能存在老化问题，可能导致制动效能下降，增加事故风险。,['6cd3f80a42aadb0646807718032bbd6ecfc9cf1b81e27e400f14d0b1ab3412b5200cb5c88b35527494a03c5a79e24863fcda8e42d8100621a8d64482d28cb61c'],1,5,0.0,0.0
a0424545-2906-4f42-8fd7-b0d7c49a655d,243,免费更换合格的制动系统密封圈,REPAIR_MEASURE,维修措施包括免费更换合格的制动系统密封圈。,['6cd3f80a42aadb0646807718032bbd6ecfc9cf1b81e27e400f14d0b1ab3412b5200cb5c88b35527494a03c5a79e24863fcda8e42d8100621a8d64482d28cb61c'],1,2,0.0,0.0
1d0eb121-bf02-4a2a-8bac-74ffb32b522e,244,减速慢行，避免紧急制动，尽快联系经销商,REPAIR_MEASURE,应急处置方法包括减速慢行，避免紧急制动，并尽快联系经销商。,['6cd3f80a42aadb0646807718032bbd6ecfc9cf1b81e27e400f14d0b1ab3412b5200cb5c88b35527494a03c5a79e24863fcda8e42d8100621a8d64482d28cb61c'],1,2,0.0,0.0
b9ab8b04-00d4-4e45-9f3d-cdf033a91f3b,245,更新密封圈材料规格,REPAIR_MEASURE,生产车辆改进措施包括更新密封圈材料规格。,['6cd3f80a42aadb0646807718032bbd6ecfc9cf1b81e27e400f14d0b1ab3412b5200cb5c88b35527494a03c5a79e24863fcda8e42d8100621a8d64482d28cb61c'],1,2,0.0,0.0
289c8a49-e0c0-4f69-8d60-57a4212e161b,246,短信,NOTIFICATION_METHOD,车主通知方式包括通过短信进行通知。,['6cd3f80a42aadb0646807718032bbd6ecfc9cf1b81e27e400f14d0b1ab3412b5200cb5c88b35527494a03c5a79e24863fcda8e42d8100621a8d64482d28cb61c'],1,2,0.0,0.0
9f8df18b-6e7c-4ad2-93cd-a8c2d222b3b1,247,电话,NOTIFICATION_METHOD,车主通知方式包括通过电话进行通知。,['6cd3f80a42aadb0646807718032bbd6ecfc9cf1b81e27e400f14d0b1ab3412b5200cb5c88b35527494a03c5a79e24863fcda8e42d8100621a8d64482d28cb61c'],1,1,0.0,0.0
b91440d4-c3c1-4e1a-af15-803e0947ecfe,248,服务热线（座机拨打）: 400,NOTIFICATION_METHOD,车主通知方式包括拨打服务热线（座机拨打）: 400。,['6cd3f80a42aadb0646807718032bbd6ecfc9cf1b81e27e400f14d0b1ab3412b5200cb5c88b35527494a03c5a79e24863fcda8e42d8100621a8d64482d28cb61c'],1,1,0.0,0.0
b61c8305-fe10-4419-bfdb-e8cbb343c3ce,249,WWW.SAMRDPRC.ORG.CN,WEBSITE,用户可登录国家市场监督管理总局缺陷产品召回技术中心网站了解更多信息。,['6cd3f80a42aadb0646807718032bbd6ecfc9cf1b81e27e400f14d0b1ab3412b5200cb5c88b35527494a03c5a79e24863fcda8e42d8100621a8d64482d28cb61c'],1,3,0.0,0.0
820ddc87-0707-434d-a448-586b0f1174b8,250,微信公众号（SAMRDPRC）,WEBSITE,用户可关注国家市场监督管理总局缺陷产品召回技术中心微信公众号了解更多信息。,['6cd3f80a42aadb0646807718032bbd6ecfc9cf1b81e27e400f14d0b1ab3412b5200cb5c88b35527494a03c5a79e24863fcda8e42d8100621a8d64482d28cb61c'],1,2,0.0,0.0
6abddf68-4c76-4880-8e83-4297151f7e51,251,国家市场监督管理总局缺陷产品召回技术中心热线电话：010-59799616,NOTIFICATION_METHOD,用户可拨打国家市场监督管理总局缺陷产品召回技术中心热线电话反映召回活动实施过程中的问题或提交缺陷线索。,['6cd3f80a42aadb0646807718032bbd6ecfc9cf1b81e27e400f14d0b1ab3412b5200cb5c88b35527494a03c5a79e24863fcda8e42d8100621a8d64482d28cb61c'],1,2,0.0,0.0
f8f581e1-4262-4ea9-a59e-16071b2381e4,252,L1,PRODUCT_MODEL,L1是此次召回涉及的车辆类型。,['6cd3f80a42aadb0646807718032bbd6ecfc9cf1b81e27e400f14d0b1ab3412b5200cb5c88b35527494a03c5a79e24863fcda8e42d8100621a8d64482d28cb61c'],1,0,,
5526ffe1-17ee-4796-90ee-8e74b00950b6,253,44125至44562,EVALUATION_STATUS,召回车辆的生产日期范围为44125至44562。,['6cd3f80a42aadb0646807718032bbd6ecfc9cf1b81e27e400f14d0b1ab3412b5200cb5c88b35527494a03c5a79e24863fcda8e42d8100621a8d64482d28cb61c'],1,0,,
0df4c51a-d3df-48f0-bffc-154ad60f9713,254,1243,EVALUATION_STATUS,此次召回涉及的车辆数量为1243辆。,['6cd3f80a42aadb0646807718032bbd6ecfc9cf1b81e27e400f14d0b1ab3412b5200cb5c88b35527494a03c5a79e24863fcda8e42d8100621a8d64482d28cb61c'],1,0,,
e7ac37c8-ee62-4c5c-b62b-7847be1d2ee7,255,投诉索赔情况5件,COMPLAINT,此次召回事件中记录了5件投诉索赔情况。,['6cd3f80a42aadb0646807718032bbd6ecfc9cf1b81e27e400f14d0b1ab3412b5200cb5c88b35527494a03c5a79e24863fcda8e42d8100621a8d64482d28cb61c'],1,1,0.0,0.0
95d7b746-21e8-4e53-8b15-cbe369f48cb4,256,事故及人员伤亡情况无,INJURY,此次召回事件中未记录任何事故及人员伤亡情况。,['6cd3f80a42aadb0646807718032bbd6ecfc9cf1b81e27e400f14d0b1ab3412b5200cb5c88b35527494a03c5a79e24863fcda8e42d8100621a8d64482d28cb61c'],1,1,0.0,0.0
0e3ef62e-529e-4d27-a7ea-d5905433ebb2,257,召回公告附件,WEBSITE,用户可通过召回公告附件了解更多信息。,['6cd3f80a42aadb0646807718032bbd6ecfc9cf1b81e27e400f14d0b1ab3412b5200cb5c88b35527494a03c5a79e24863fcda8e42d8100621a8d64482d28cb61c'],1,4,0.0,0.0
a63f382b-7db1-4fe2-85d6-64531589d59d,258,召回序号QCZH_20250301,,,['6cd3f80a42aadb0646807718032bbd6ecfc9cf1b81e27e400f14d0b1ab3412b5200cb5c88b35527494a03c5a79e24863fcda8e42d8100621a8d64482d28cb61c'],1,12,0.0,0.0
25216b80-b31d-491b-a483-327bc72f6f5d,259,张伟,CONSUMER,张伟，男性，38岁，江苏省户籍，职业为工人，受教育程度为大专,['b454fdb3424e9315fdf1f60a4a4ef58cfd7612d446c32c71b60cec7d54d02d8d7495464da04af2e93e5d1bf94425c7632e2855a42baaa427ea5094f65137a3d8'],1,8,0.0,0.0
56be3838-c387-43b6-a0a4-330435d67cdb,260,交通事故,INCIDENT,伤害发生原因是交通事故，发生在道路上，活动为驾车,['b454fdb3424e9315fdf1f60a4a4ef58cfd7612d446c32c71b60cec7d54d02d8d7495464da04af2e93e5d1bf94425c7632e2855a42baaa427ea5094f65137a3d8'],1,4,0.0,0.0
26ade513-1ee2-47c5-96fa-387a4dca9731,261,摩托车,PRODUCT_CATEGORY,摩托车属于物品大类代码A01，小类代码A0101，与伤害直接相关,['b454fdb3424e9315fdf1f60a4a4ef58cfd7612d446c32c71b60cec7d54d02d8d7495464da04af2e93e5d1bf94425c7632e2855a42baaa427ea5094f65137a3d8'],1,1,0.0,0.0
35f1319b-1f3e-4162-904e-b47160c2a0ab,262,挫伤,INJURY,伤害性质为挫伤，部位为头部，累及神经系统,['b454fdb3424e9315fdf1f60a4a4ef58cfd7612d446c32c71b60cec7d54d02d8d7495464da04af2e93e5d1bf94425c7632e2855a42baaa427ea5094f65137a3d8'],1,1,0.0,0.0
af80b5b8-4cb5-4392-9823-139666761228,263,轻度脑震荡,INJURY,伤害临床诊断为轻度脑震荡，伤害严重程度为轻度,['b454fdb3424e9315fdf1f60a4a4ef58cfd7612d446c32c71b60cec7d54d02d8d7495464da04af2e93e5d1bf94425c7632e2855a42baaa427ea5094f65137a3d8'],1,1,0.0,0.0
3f998324-d890-4a4c-805a-63cfdd9b72d6,264,康复出院,EVALUATION_STATUS,伤害结局为康复出院,['b454fdb3424e9315fdf1f60a4a4ef58cfd7612d446c32c71b60cec7d54d02d8d7495464da04af2e93e5d1bf94425c7632e2855a42baaa427ea5094f65137a3d8'],1,1,0.0,0.0
e921e8ba-f061-4851-968f-2e6c038d30a5,265,急诊科,NOTIFICATION_METHOD,填卡部门为急诊科,['b454fdb3424e9315fdf1f60a4a4ef58cfd7612d446c32c71b60cec7d54d02d8d7495464da04af2e93e5d1bf94425c7632e2855a42baaa427ea5094f65137a3d8'],1,1,0.0,0.0
850cd39e-30e3-41de-82bf-632ac8a48282,266,道路,INCIDENT,伤害发生地点为道路，属于交通事故场景,['b454fdb3424e9315fdf1f60a4a4ef58cfd7612d446c32c71b60cec7d54d02d8d7495464da04af2e93e5d1bf94425c7632e2855a42baaa427ea5094f65137a3d8'],1,1,0.0,0.0
35e25d31-c32e-4c8a-9e37-95b26931bbe2,267,驾车,INCIDENT,伤害发生时的活动为驾车，与交通事故直接相关,['b454fdb3424e9315fdf1f60a4a4ef58cfd7612d446c32c71b60cec7d54d02d8d7495464da04af2e93e5d1bf94425c7632e2855a42baaa427ea5094f65137a3d8'],1,1,0.0,0.0
4f8d0169-484f-424e-8bc5-05962a3012b6,268,13812345678,CONSUMER,张伟的联系电话为13812345678,['b454fdb3424e9315fdf1f60a4a4ef58cfd7612d446c32c71b60cec7d54d02d8d7495464da04af2e93e5d1bf94425c7632e2855a42baaa427ea5094f65137a3d8'],1,1,0.0,0.0
