id,human_readable_id,source,target,description,weight,combined_degree,text_unit_ids
3350e161-e4ae-4f9d-9451-99e21791a219,0,上汽通用,别克,上汽通用是别克品牌的制造商,8.0,10,['5f3f9a8b3151090ecb319c3cd437bb77cde2d52335fab5f971073f208cd4cc0831822c5f4476b9cb9a1ab33cbc23618c9806ddd60083c4d30770ddb29f2a701f']
7c45969f-b98f-403b-93e2-2eecfa012b22,1,上汽通用,质量投诉,上汽通用涉及的质量投诉与君威车型的变速箱异响问题有关,8.0,9,['5f3f9a8b3151090ecb319c3cd437bb77cde2d52335fab5f971073f208cd4cc0831822c5f4476b9cb9a1ab33cbc23618c9806ddd60083c4d30770ddb29f2a701f']
3e26d4fe-3c08-4362-9529-5cc66b52c4e5,2,别克,君威,君威是别克品牌的一款车型,9.0,11,['5f3f9a8b3151090ecb319c3cd437bb77cde2d52335fab5f971073f208cd4cc0831822c5f4476b9cb9a1ab33cbc23618c9806ddd60083c4d30770ddb29f2a701f']
82271def-1ad0-4ea5-92cc-8ea1b609fc79,3,别克,质量投诉,别克品牌的君威车型因变速箱异响问题引发了质量投诉,8.0,15,['5f3f9a8b3151090ecb319c3cd437bb77cde2d52335fab5f971073f208cd4cc0831822c5f4476b9cb9a1ab33cbc23618c9806ddd60083c4d30770ddb29f2a701f']
3ddb2d22-807e-41a7-96ca-d11d947070ed,4,君威,变速箱,君威车型的变速箱存在异响问题,8.0,5,['5f3f9a8b3151090ecb319c3cd437bb77cde2d52335fab5f971073f208cd4cc0831822c5f4476b9cb9a1ab33cbc23618c9806ddd60083c4d30770ddb29f2a701f']
e5214a22-abee-4c95-ac28-04d18df1141a,5,君威,质量投诉,消费者对君威车型的变速箱异响问题提出了质量投诉,9.0,10,['5f3f9a8b3151090ecb319c3cd437bb77cde2d52335fab5f971073f208cd4cc0831822c5f4476b9cb9a1ab33cbc23618c9806ddd60083c4d30770ddb29f2a701f']
c303b3fd-223c-4df9-af33-5e1b0b0a3930,6,变速箱,变速器总成,变速器总成是变速箱的主要组成部分,7.0,3,['5f3f9a8b3151090ecb319c3cd437bb77cde2d52335fab5f971073f208cd4cc0831822c5f4476b9cb9a1ab33cbc23618c9806ddd60083c4d30770ddb29f2a701f']
da6a80a7-ecb2-47e0-8f11-b2504766d762,7,变速箱异响,三包期内免费更换变速箱,维修措施旨在解决变速箱异响问题,9.0,5,['5f3f9a8b3151090ecb319c3cd437bb77cde2d52335fab5f971073f208cd4cc0831822c5f4476b9cb9a1ab33cbc23618c9806ddd60083c4d30770ddb29f2a701f']
7be2559c-15ce-4b8d-ac5e-d0cc9380a335,8,变速箱异响,HTTP://CLUB.AUTOHOME.COM.CN/BBS/THREAD-123456-1.HTML,链接提供了关于变速箱异响问题的详细信息,1.0,5,['5f3f9a8b3151090ecb319c3cd437bb77cde2d52335fab5f971073f208cd4cc0831822c5f4476b9cb9a1ab33cbc23618c9806ddd60083c4d30770ddb29f2a701f']
f5e77906-165b-45b5-9680-9c5fef7c16a1,9,变速箱异响,质量投诉,质量投诉的核心问题是变速箱异响,10.0,10,['5f3f9a8b3151090ecb319c3cd437bb77cde2d52335fab5f971073f208cd4cc0831822c5f4476b9cb9a1ab33cbc23618c9806ddd60083c4d30770ddb29f2a701f']
2cf396eb-d859-48a9-9f58-0801e1ecc27f,10,三包期内免费更换变速箱,质量投诉,维修措施是针对消费者提出的质量投诉而制定的,8.0,9,['5f3f9a8b3151090ecb319c3cd437bb77cde2d52335fab5f971073f208cd4cc0831822c5f4476b9cb9a1ab33cbc23618c9806ddd60083c4d30770ddb29f2a701f']
4b73c8ea-44be-47d7-8e07-17699f3d8174,11,HTTP://CLUB.AUTOHOME.COM.CN/BBS/THREAD-123456-1.HTML,质量投诉,链接提供了关于质量投诉的详细信息,1.0,9,['5f3f9a8b3151090ecb319c3cd437bb77cde2d52335fab5f971073f208cd4cc0831822c5f4476b9cb9a1ab33cbc23618c9806ddd60083c4d30770ddb29f2a701f']
45757fbd-3969-496a-8232-295c72f377fa,12,汽车之家,质量投诉,汽车之家是消费者发布质量投诉的平台,8.0,9,['5f3f9a8b3151090ecb319c3cd437bb77cde2d52335fab5f971073f208cd4cc0831822c5f4476b9cb9a1ab33cbc23618c9806ddd60083c4d30770ddb29f2a701f']
d7087d60-6030-471d-ab0e-f94c1e91f695,13,汽车之家,汽车论坛,汽车之家是一个汽车论坛，提供消费者讨论汽车问题的空间,7.0,3,['5f3f9a8b3151090ecb319c3cd437bb77cde2d52335fab5f971073f208cd4cc0831822c5f4476b9cb9a1ab33cbc23618c9806ddd60083c4d30770ddb29f2a701f']
80c61925-e8f7-4d23-9cb1-f068b3ed18b3,14,一汽-大众汽车有限公司,奥迪,一汽-大众汽车有限公司是奥迪品牌车型的制造商,9.0,6,['734af468c2bd632731272aafd345f9d363bcf4838aea938f2ef779277c44722be9f6bdc5dbcde6618286d75a7b3ce5d7627f9c3d694f40e5d62bf7c2fdb4124d']
911fe248-b90c-4ba1-9d21-47c718900aa7,15,奥迪,A4L,A4L是奥迪品牌的一款车型,8.0,6,['734af468c2bd632731272aafd345f9d363bcf4838aea938f2ef779277c44722be9f6bdc5dbcde6618286d75a7b3ce5d7627f9c3d694f40e5d62bf7c2fdb4124d']
32de9821-9f7f-4ff9-8be9-297c8fe5f4ee,16,奥迪,A6L,A6L是奥迪品牌的一款车型,8.0,4,['734af468c2bd632731272aafd345f9d363bcf4838aea938f2ef779277c44722be9f6bdc5dbcde6618286d75a7b3ce5d7627f9c3d694f40e5d62bf7c2fdb4124d']
0fb82d99-d191-47d9-9468-2a0abe01b974,17,A4L,2021款40TFSI豪华型,2021款40TFSI豪华型是A4L车型的具体型号,9.0,4,['734af468c2bd632731272aafd345f9d363bcf4838aea938f2ef779277c44722be9f6bdc5dbcde6618286d75a7b3ce5d7627f9c3d694f40e5d62bf7c2fdb4124d']
42bc891c-3277-4b59-ac39-bf3cd083b3f7,18,A4L,2022款45TFSI QUATTRO尊享型,2022款45TFSI quattro尊享型是A4L车型的具体型号,9.0,4,['734af468c2bd632731272aafd345f9d363bcf4838aea938f2ef779277c44722be9f6bdc5dbcde6618286d75a7b3ce5d7627f9c3d694f40e5d62bf7c2fdb4124d']
b4657163-b9ed-4f45-8da5-03fc2d06a0e6,19,发动机冷却系统,水泵密封不良,发动机冷却系统可能存在水泵密封不良问题,7.0,7,['734af468c2bd632731272aafd345f9d363bcf4838aea938f2ef779277c44722be9f6bdc5dbcde6618286d75a7b3ce5d7627f9c3d694f40e5d62bf7c2fdb4124d']
9f12c8a9-94ca-478d-8845-d049e76f9ae0,20,发动机冷却系统,动力系统,发动机冷却系统是动力系统的一部分,8.0,4,['734af468c2bd632731272aafd345f9d363bcf4838aea938f2ef779277c44722be9f6bdc5dbcde6618286d75a7b3ce5d7627f9c3d694f40e5d62bf7c2fdb4124d']
0843eb43-715e-4e5e-a33e-c017ef96260c,21,发动机冷却系统,发动机过热,发动机冷却系统的问题可能导致发动机过热,7.0,5,['734af468c2bd632731272aafd345f9d363bcf4838aea938f2ef779277c44722be9f6bdc5dbcde6618286d75a7b3ce5d7627f9c3d694f40e5d62bf7c2fdb4124d']
bda49c89-acac-40ed-b5f3-f5f19f7569b2,22,水泵密封不良,更换水泵总成并升级冷却系统控制软件,更换水泵总成并升级冷却系统控制软件是解决水泵密封不良问题的维修措施,1.0,6,['734af468c2bd632731272aafd345f9d363bcf4838aea938f2ef779277c44722be9f6bdc5dbcde6618286d75a7b3ce5d7627f9c3d694f40e5d62bf7c2fdb4124d']
3caf3126-9d11-4059-a8ab-b85438db0275,23,水泵密封不良,发动机过热,水泵密封不良可能导致发动机过热,8.0,6,['734af468c2bd632731272aafd345f9d363bcf4838aea938f2ef779277c44722be9f6bdc5dbcde6618286d75a7b3ce5d7627f9c3d694f40e5d62bf7c2fdb4124d']
9a40377a-35ea-445d-b023-65cddf05cd61,24,水泵密封不良,质量索赔,水泵密封不良问题被归类为质量索赔,6.0,6,['734af468c2bd632731272aafd345f9d363bcf4838aea938f2ef779277c44722be9f6bdc5dbcde6618286d75a7b3ce5d7627f9c3d694f40e5d62bf7c2fdb4124d']
9bd0aa87-11ed-4129-9e4f-60cabe198427,25,更换水泵总成并升级冷却系统控制软件,A0234(G521)-发动机冷却系统改进_技术公告.PDF,该技术公告详细说明了维修措施,8.0,4,['734af468c2bd632731272aafd345f9d363bcf4838aea938f2ef779277c44722be9f6bdc5dbcde6618286d75a7b3ce5d7627f9c3d694f40e5d62bf7c2fdb4124d']
08d43795-5e02-40b7-9e6b-5e0326cf8491,26,A0234(G521)-发动机冷却系统改进_技术公告.PDF,2022-10-05,2022-10-05是技术公告的发布日期,1.0,3,['734af468c2bd632731272aafd345f9d363bcf4838aea938f2ef779277c44722be9f6bdc5dbcde6618286d75a7b3ce5d7627f9c3d694f40e5d62bf7c2fdb4124d']
35b9fdec-1986-43ed-9847-6b18cf1191b2,27,北京嘀嘀无限科技发展有限公司,滴滴打车服务,北京嘀嘀无限科技发展有限公司提供滴滴打车服务,9.0,4,['7ada511b6bbcd05aa7aae844d88c3e8a2e58d7c50137dfa2b6b8e5d9532a399b7e3b9d8c529b6ee837ce91c5c57c1e34eb3769c65ad06837ce5a181afcb5c9c8']
11538048-8833-4b6b-a7e9-a2b76dbff2e9,28,滴滴打车服务,服务态度与收费问题,滴滴打车服务中存在服务态度与收费问题，导致消费者投诉,8.0,8,['7ada511b6bbcd05aa7aae844d88c3e8a2e58d7c50137dfa2b6b8e5d9532a399b7e3b9d8c529b6ee837ce91c5c57c1e34eb3769c65ad06837ce5a181afcb5c9c8']
c7914180-eb12-49ac-99a2-91afc88430d8,29,滴滴打车服务,网约车服务,滴滴打车服务属于网约车服务类别,1.0,4,['7ada511b6bbcd05aa7aae844d88c3e8a2e58d7c50137dfa2b6b8e5d9532a399b7e3b9d8c529b6ee837ce91c5c57c1e34eb3769c65ad06837ce5a181afcb5c9c8']
f378f762-2711-45e1-b88a-d31c0e654563,30,服务态度与收费问题,司机故意绕路,司机故意绕路是服务态度与收费问题的一部分,7.0,7,['7ada511b6bbcd05aa7aae844d88c3e8a2e58d7c50137dfa2b6b8e5d9532a399b7e3b9d8c529b6ee837ce91c5c57c1e34eb3769c65ad06837ce5a181afcb5c9c8']
83426a36-f894-440c-8fe2-f7f601ec7ef0,31,服务态度与收费问题,司机态度恶劣,司机态度恶劣是服务态度与收费问题的一部分,7.0,7,['7ada511b6bbcd05aa7aae844d88c3e8a2e58d7c50137dfa2b6b8e5d9532a399b7e3b9d8c529b6ee837ce91c5c57c1e34eb3769c65ad06837ce5a181afcb5c9c8']
b7db68e2-a66f-47f9-b7a7-5d100e8814fb,32,服务态度与收费问题,退还多收费用,退还多收费用是解决服务态度与收费问题的措施之一,8.0,7,['7ada511b6bbcd05aa7aae844d88c3e8a2e58d7c50137dfa2b6b8e5d9532a399b7e3b9d8c529b6ee837ce91c5c57c1e34eb3769c65ad06837ce5a181afcb5c9c8']
a77957c5-9db6-43b6-a201-0e968d680b36,33,服务态度与收费问题,赔偿,赔偿是解决服务态度与收费问题的措施之一,1.0,7,['7ada511b6bbcd05aa7aae844d88c3e8a2e58d7c50137dfa2b6b8e5d9532a399b7e3b9d8c529b6ee837ce91c5c57c1e34eb3769c65ad06837ce5a181afcb5c9c8']
60ddffa9-fc63-4efd-9ea2-bcb1fad9b972,34,司机故意绕路,王**,王**投诉滴滴打车服务中司机故意绕路问题,8.0,6,['7ada511b6bbcd05aa7aae844d88c3e8a2e58d7c50137dfa2b6b8e5d9532a399b7e3b9d8c529b6ee837ce91c5c57c1e34eb3769c65ad06837ce5a181afcb5c9c8']
a450703f-a81a-4e3f-934a-8dc1476aec9a,35,司机态度恶劣,王**,王**投诉滴滴打车服务中司机态度恶劣问题,8.0,6,['7ada511b6bbcd05aa7aae844d88c3e8a2e58d7c50137dfa2b6b8e5d9532a399b7e3b9d8c529b6ee837ce91c5c57c1e34eb3769c65ad06837ce5a181afcb5c9c8']
644cb6f9-b359-4c14-a4db-5e7b42eec06c,36,退还多收费用,王**,王**要求退还滴滴打车服务中多收的费用,9.0,6,['7ada511b6bbcd05aa7aae844d88c3e8a2e58d7c50137dfa2b6b8e5d9532a399b7e3b9d8c529b6ee837ce91c5c57c1e34eb3769c65ad06837ce5a181afcb5c9c8']
f35fee9c-8646-4134-933d-623843a00f28,37,赔偿,王**,王**要求赔偿因滴滴打车服务问题造成的损失,9.0,6,['7ada511b6bbcd05aa7aae844d88c3e8a2e58d7c50137dfa2b6b8e5d9532a399b7e3b9d8c529b6ee837ce91c5c57c1e34eb3769c65ad06837ce5a181afcb5c9c8']
f432afa7-9733-424f-b063-6e8aee7d3506,38,电池故障,电子电器,电池故障问题属于电子电器产品类别,1.0,8,['a93e8a4929f40873de519842aa7b63f4b7365c630dce1c46dd26c795adbd89989cc7040832fe887cf5953f4f293e1b6a50076771c0dbf7a9d2d05904cee55705']
1c81a6a7-9fd3-4fc4-8d28-f826a4f99337,39,电池故障,电源问题,电池故障是电源问题的具体表现形式,7.0,5,['a93e8a4929f40873de519842aa7b63f4b7365c630dce1c46dd26c795adbd89989cc7040832fe887cf5953f4f293e1b6a50076771c0dbf7a9d2d05904cee55705']
266187e9-f438-49b7-8786-3233c3943b5a,40,电池故障,消费品,电池故障问题属于消费品类别,8.0,7,['a93e8a4929f40873de519842aa7b63f4b7365c630dce1c46dd26c795adbd89989cc7040832fe887cf5953f4f293e1b6a50076771c0dbf7a9d2d05904cee55705']
f2595f5f-3739-4460-9713-6c060c74ee6f,41,消费品,电源问题,电源问题属于消费品类别,1.0,6,['a93e8a4929f40873de519842aa7b63f4b7365c630dce1c46dd26c795adbd89989cc7040832fe887cf5953f4f293e1b6a50076771c0dbf7a9d2d05904cee55705']
e6290d7b-1dbf-46cc-906d-520f697e24d3,42,漏水,密封问题,漏水问题是由密封问题引起的，可能与防水失效或密封不严有关,8.0,7,['ea0a1ba77035803d0277381f9af51e26fb1185d65e69011d4d743a438d8fb5d71f422af2437987bfac71acf6d1f32be50c7a00c0895448137ae4edc64b310167']
bd4eb0c5-34f8-4c9c-9eb5-c5704cee4336,43,漏水,家用电器,"家用电器可能受到漏水问题的影响，属于消费品类别
漏水问题可能影响家用电器的正常使用，属于消费品类别",8.0,3,['ea0a1ba77035803d0277381f9af51e26fb1185d65e69011d4d743a438d8fb5d71f422af2437987bfac71acf6d1f32be50c7a00c0895448137ae4edc64b310167']
7a11a4b4-625d-431e-8ef1-e01209d429c5,44,密封问题,防水失效,密封问题可能导致防水失效，从而引发漏水问题,8.0,6,['ea0a1ba77035803d0277381f9af51e26fb1185d65e69011d4d743a438d8fb5d71f422af2437987bfac71acf6d1f32be50c7a00c0895448137ae4edc64b310167']
502304d7-8942-4882-add0-8f63cba29ccf,45,密封问题,渗水,密封问题可能导致渗水现象，影响产品性能,7.0,6,['ea0a1ba77035803d0277381f9af51e26fb1185d65e69011d4d743a438d8fb5d71f422af2437987bfac71acf6d1f32be50c7a00c0895448137ae4edc64b310167']
baaaf051-52f1-483b-ba32-bbec483a27b7,46,密封问题,进水,密封问题可能导致进水现象，影响家用电器的正常使用,7.0,6,['ea0a1ba77035803d0277381f9af51e26fb1185d65e69011d4d743a438d8fb5d71f422af2437987bfac71acf6d1f32be50c7a00c0895448137ae4edc64b310167']
b27fd89c-4b5a-432d-b115-00127352b07e,47,密封问题,密封不严,密封问题可能与密封不严有关，从而引发漏水问题,8.0,6,['ea0a1ba77035803d0277381f9af51e26fb1185d65e69011d4d743a438d8fb5d71f422af2437987bfac71acf6d1f32be50c7a00c0895448137ae4edc64b310167']
d1490305-d39e-4019-aa8d-a75a655193df,48,信号弱,连接问题,信号弱是连接问题的主要表现形式,8.0,12,['37dc43d4557f3d1db89ae1649e638c4ceb8d02256d417e68e9da3d9b0bb212e1ab48055221bf4aaf65c115ef94be3c478eaab45f15053803dcd7c02d1950bfe7']
dc2d4921-8dc1-483f-bbe0-4a0aab995786,49,信号弱,信号差,信号弱可能表现为信号差，影响设备的正常使用,6.0,8,['37dc43d4557f3d1db89ae1649e638c4ceb8d02256d417e68e9da3d9b0bb212e1ab48055221bf4aaf65c115ef94be3c478eaab45f15053803dcd7c02d1950bfe7']
26503799-3ab7-49e1-b627-f5e06713483f,50,信号弱,连接断开,信号弱可能表现为连接断开，影响设备的功能,6.0,8,['37dc43d4557f3d1db89ae1649e638c4ceb8d02256d417e68e9da3d9b0bb212e1ab48055221bf4aaf65c115ef94be3c478eaab45f15053803dcd7c02d1950bfe7']
d350e513-639e-495b-98ca-201452261ff3,51,信号弱,网络不稳定,信号弱可能表现为网络不稳定，影响设备的运行,6.0,8,['37dc43d4557f3d1db89ae1649e638c4ceb8d02256d417e68e9da3d9b0bb212e1ab48055221bf4aaf65c115ef94be3c478eaab45f15053803dcd7c02d1950bfe7']
a6050192-91af-4f96-9649-19b5eef1918d,52,信号弱,蓝牙连接失败,信号弱可能表现为蓝牙连接失败，影响设备间的通信,6.0,8,['37dc43d4557f3d1db89ae1649e638c4ceb8d02256d417e68e9da3d9b0bb212e1ab48055221bf4aaf65c115ef94be3c478eaab45f15053803dcd7c02d1950bfe7']
e8be6c4a-e912-4b77-84b6-d1fc5c3cb3f7,53,信号弱,WIFI信号弱,信号弱可能表现为WiFi信号弱，影响网络连接质量,1.0,8,['37dc43d4557f3d1db89ae1649e638c4ceb8d02256d417e68e9da3d9b0bb212e1ab48055221bf4aaf65c115ef94be3c478eaab45f15053803dcd7c02d1950bfe7']
1c5e15a3-8c95-47fc-a7fd-075d3a12d8d0,54,信号差,连接问题,信号差是连接问题的一种具体表现形式,7.0,8,['37dc43d4557f3d1db89ae1649e638c4ceb8d02256d417e68e9da3d9b0bb212e1ab48055221bf4aaf65c115ef94be3c478eaab45f15053803dcd7c02d1950bfe7']
40eb9c65-f5e1-4720-b150-01da75083201,55,连接断开,连接问题,连接断开是连接问题的一种具体表现形式,7.0,8,['37dc43d4557f3d1db89ae1649e638c4ceb8d02256d417e68e9da3d9b0bb212e1ab48055221bf4aaf65c115ef94be3c478eaab45f15053803dcd7c02d1950bfe7']
39f86484-6027-4850-8e79-97e6d688c227,56,网络不稳定,连接问题,网络不稳定是连接问题的一种具体表现形式,7.0,8,['37dc43d4557f3d1db89ae1649e638c4ceb8d02256d417e68e9da3d9b0bb212e1ab48055221bf4aaf65c115ef94be3c478eaab45f15053803dcd7c02d1950bfe7']
f93b4716-2143-400c-bc67-2921323b4d7c,57,蓝牙连接失败,连接问题,蓝牙连接失败是连接问题的一种具体表现形式,7.0,8,['37dc43d4557f3d1db89ae1649e638c4ceb8d02256d417e68e9da3d9b0bb212e1ab48055221bf4aaf65c115ef94be3c478eaab45f15053803dcd7c02d1950bfe7']
bfe5970c-8090-4eae-b515-4504fff3f282,58,WIFI信号弱,连接问题,WiFi信号弱是连接问题的一种具体表现形式,7.0,8,['37dc43d4557f3d1db89ae1649e638c4ceb8d02256d417e68e9da3d9b0bb212e1ab48055221bf4aaf65c115ef94be3c478eaab45f15053803dcd7c02d1950bfe7']
2b55a9e9-9d66-43fc-9901-8ff0f29d5416,59,福特汽车公司,福特,福特是福特汽车公司旗下的品牌,9.0,10,['c9b1557ad642da8419224b344fe415c31bd5319cbddb93aac9ba076d3b5267364f7c32470888c2d90fe8bc829ebb69c443c35fe938cf450b2f80898fe15bbfb1']
8ebe27fa-da7a-4a6c-b2bd-03e8ac530de2,60,福特汽车公司,长安福特,长安福特是福特汽车公司与长安汽车的合资企业,8.0,16,['c9b1557ad642da8419224b344fe415c31bd5319cbddb93aac9ba076d3b5267364f7c32470888c2d90fe8bc829ebb69c443c35fe938cf450b2f80898fe15bbfb1']
d0bef79d-8860-4b09-818b-30e380befce9,61,福特汽车公司,F-150,福特汽车公司生产的F-150车型涉及召回事件,8.0,10,['c9b1557ad642da8419224b344fe415c31bd5319cbddb93aac9ba076d3b5267364f7c32470888c2d90fe8bc829ebb69c443c35fe938cf450b2f80898fe15bbfb1']
7bc36305-5a60-497d-8cf9-5dfbae3a6985,62,福特汽车公司,野马,福特汽车公司生产的野马车型涉及召回事件,8.0,10,['c9b1557ad642da8419224b344fe415c31bd5319cbddb93aac9ba076d3b5267364f7c32470888c2d90fe8bc829ebb69c443c35fe938cf450b2f80898fe15bbfb1']
539ac29e-5381-4bfc-8108-e938b5b52b75,63,福特汽车公司,探险者,福特汽车公司生产的探险者车型涉及召回事件,8.0,10,['c9b1557ad642da8419224b344fe415c31bd5319cbddb93aac9ba076d3b5267364f7c32470888c2d90fe8bc829ebb69c443c35fe938cf450b2f80898fe15bbfb1']
05ed9edb-bee8-414e-82c9-6d43607cbfb3,64,福特汽车公司,林肯领航员,福特汽车公司生产的林肯领航员车型涉及召回事件,8.0,10,['c9b1557ad642da8419224b344fe415c31bd5319cbddb93aac9ba076d3b5267364f7c32470888c2d90fe8bc829ebb69c443c35fe938cf450b2f80898fe15bbfb1']
8a169d85-8562-460b-9367-9ddc17b82e81,65,福特汽车公司,福克斯,福特汽车公司生产的福克斯车型涉及召回事件,8.0,10,['c9b1557ad642da8419224b344fe415c31bd5319cbddb93aac9ba076d3b5267364f7c32470888c2d90fe8bc829ebb69c443c35fe938cf450b2f80898fe15bbfb1']
1369c150-c6a3-4568-a1ee-697d84bdc50e,66,福特汽车公司,博世汽车部件,博世汽车部件是福特汽车公司召回事件中燃油泵控制模块的制造商,7.0,9,['c9b1557ad642da8419224b344fe415c31bd5319cbddb93aac9ba076d3b5267364f7c32470888c2d90fe8bc829ebb69c443c35fe938cf450b2f80898fe15bbfb1']
977845f1-5549-4921-b757-31dde70d879e,67,F-150,2022-2024年款,F-150是2022-2024年款福特车型之一，涉及召回事件,8.0,8,['c9b1557ad642da8419224b344fe415c31bd5319cbddb93aac9ba076d3b5267364f7c32470888c2d90fe8bc829ebb69c443c35fe938cf450b2f80898fe15bbfb1']
d2c06117-a194-437a-a565-c9f15f931500,68,野马,2022-2024年款,野马是2022-2024年款福特车型之一，涉及召回事件,8.0,8,['c9b1557ad642da8419224b344fe415c31bd5319cbddb93aac9ba076d3b5267364f7c32470888c2d90fe8bc829ebb69c443c35fe938cf450b2f80898fe15bbfb1']
98e1847f-d99d-470a-851f-88fad0c05b60,69,探险者,2022-2024年款,探险者是2022-2024年款福特车型之一，涉及召回事件,8.0,8,['c9b1557ad642da8419224b344fe415c31bd5319cbddb93aac9ba076d3b5267364f7c32470888c2d90fe8bc829ebb69c443c35fe938cf450b2f80898fe15bbfb1']
c000a8b9-d331-4734-9757-7cb9a0395860,70,林肯领航员,2022-2024年款,林肯领航员是2022-2024年款福特车型之一，涉及召回事件,8.0,8,['c9b1557ad642da8419224b344fe415c31bd5319cbddb93aac9ba076d3b5267364f7c32470888c2d90fe8bc829ebb69c443c35fe938cf450b2f80898fe15bbfb1']
aa6a5057-68ed-44a3-89a7-c91c7534bb1a,71,福克斯,2022-2024年款,福克斯是2022-2024年款福特车型之一，涉及召回事件,8.0,8,['c9b1557ad642da8419224b344fe415c31bd5319cbddb93aac9ba076d3b5267364f7c32470888c2d90fe8bc829ebb69c443c35fe938cf450b2f80898fe15bbfb1']
77bcc481-98fb-4f0f-89a4-d4f18a75654e,72,燃油泵控制模块,故障,燃油泵控制模块故障可能导致发动机熄火,9.0,5,['c9b1557ad642da8419224b344fe415c31bd5319cbddb93aac9ba076d3b5267364f7c32470888c2d90fe8bc829ebb69c443c35fe938cf450b2f80898fe15bbfb1']
ad84a0bc-ee09-4ff8-a1e5-1d2956292603,73,燃油泵控制模块,动力传动控制模块,动力传动控制模块更新可能与燃油泵控制模块故障相关,6.0,4,['c9b1557ad642da8419224b344fe415c31bd5319cbddb93aac9ba076d3b5267364f7c32470888c2d90fe8bc829ebb69c443c35fe938cf450b2f80898fe15bbfb1']
5af9af19-bd45-440e-bb52-12bdac613e9f,74,燃油泵控制模块,燃油系统,燃油泵控制模块是燃油系统中的关键部件，此次召回涉及该部件的故障,9.0,5,['c9b1557ad642da8419224b344fe415c31bd5319cbddb93aac9ba076d3b5267364f7c32470888c2d90fe8bc829ebb69c443c35fe938cf450b2f80898fe15bbfb1']
57a9e793-2292-4474-b8db-0a4e17d7c4ea,75,故障,免费更新动力传动控制模块软件并更换燃油泵,维修措施旨在解决燃油泵控制模块故障问题,8.0,5,['c9b1557ad642da8419224b344fe415c31bd5319cbddb93aac9ba076d3b5267364f7c32470888c2d90fe8bc829ebb69c443c35fe938cf450b2f80898fe15bbfb1']
7bb3086d-d483-4e05-a7ef-6b83ea1b5157,76,免费更新动力传动控制模块软件并更换燃油泵,车主通知信,维修措施通过车主通知信告知车主,8.0,6,['c9b1557ad642da8419224b344fe415c31bd5319cbddb93aac9ba076d3b5267364f7c32470888c2d90fe8bc829ebb69c443c35fe938cf450b2f80898fe15bbfb1']
72307623-53a4-4ed2-806a-391e723e29d8,77,免费更新动力传动控制模块软件并更换燃油泵,燃油系统,维修措施旨在解决燃油系统中的燃油泵控制模块故障,9.0,5,['c9b1557ad642da8419224b344fe415c31bd5319cbddb93aac9ba076d3b5267364f7c32470888c2d90fe8bc829ebb69c443c35fe938cf450b2f80898fe15bbfb1']
be14b269-bb70-4810-9ad4-3d2396eff9d5,78,"召回编号24(""ENTITY""",福睿斯,vehicle_model,1.0,2,['c9b1557ad642da8419224b344fe415c31bd5319cbddb93aac9ba076d3b5267364f7c32470888c2d90fe8bc829ebb69c443c35fe938cf450b2f80898fe15bbfb1']
8ade0216-b857-4f6d-a924-ad9036884c89,79,2022-2024年款,整车,此次召回涉及整车产品，包括2022-2024年款福特车型,7.0,7,['c9b1557ad642da8419224b344fe415c31bd5319cbddb93aac9ba076d3b5267364f7c32470888c2d90fe8bc829ebb69c443c35fe938cf450b2f80898fe15bbfb1']
530b9c8f-950f-4d11-b092-c1d08754ba39,80,车主通知信,2024年6月5日,车主通知信于2024年6月5日邮寄，标志着召回通知的实施,8.0,4,['c9b1557ad642da8419224b344fe415c31bd5319cbddb93aac9ba076d3b5267364f7c32470888c2d90fe8bc829ebb69c443c35fe938cf450b2f80898fe15bbfb1']
270c4b44-6e15-433b-acc6-a7c2b1c789e8,81,现代汽车公司,现代,现代是现代汽车公司旗下的品牌，涉及召回事件。,9.0,12,['bdd82bb05fd541edefd037066d88ac3f733d613d919b7091d5bc33f5b6665ffa0123bcbcecaa90e4a4aa3b047e7c8e308aa10f46dc58f39cbfc275ed90ef2265']
4b1f4efa-1c70-4582-8d86-8a5ffddc7c1c,82,现代汽车公司,北京现代,北京现代是现代汽车公司与北京汽车的合资企业，负责生产和销售现代品牌汽车。,8.0,12,['bdd82bb05fd541edefd037066d88ac3f733d613d919b7091d5bc33f5b6665ffa0123bcbcecaa90e4a4aa3b047e7c8e308aa10f46dc58f39cbfc275ed90ef2265']
66a120c5-e502-4d7d-9b0a-09d379a030c9,83,现代汽车公司,索纳塔,索纳塔是现代汽车公司生产的一款中型轿车，涉及召回事件。,8.0,12,['bdd82bb05fd541edefd037066d88ac3f733d613d919b7091d5bc33f5b6665ffa0123bcbcecaa90e4a4aa3b047e7c8e308aa10f46dc58f39cbfc275ed90ef2265']
677adacc-3ebb-4880-aa65-a336dc44c5d8,84,现代汽车公司,途胜,途胜是现代汽车公司生产的一款紧凑型SUV车型，涉及召回事件。,8.0,12,['bdd82bb05fd541edefd037066d88ac3f733d613d919b7091d5bc33f5b6665ffa0123bcbcecaa90e4a4aa3b047e7c8e308aa10f46dc58f39cbfc275ed90ef2265']
87ca734b-c673-4c65-9794-5c97f9c4f5f0,85,现代汽车公司,伊兰特,伊兰特是现代汽车公司生产的一款紧凑型轿车，涉及召回事件。,8.0,12,['bdd82bb05fd541edefd037066d88ac3f733d613d919b7091d5bc33f5b6665ffa0123bcbcecaa90e4a4aa3b047e7c8e308aa10f46dc58f39cbfc275ed90ef2265']
815dcf84-de18-4090-aa2f-d2c95b28cbad,86,现代汽车公司,KONA电动版,KONA电动版是现代汽车公司生产的一款电动车型，涉及召回事件。,8.0,12,['bdd82bb05fd541edefd037066d88ac3f733d613d919b7091d5bc33f5b6665ffa0123bcbcecaa90e4a4aa3b047e7c8e308aa10f46dc58f39cbfc275ed90ef2265']
29fc5e35-2a74-4d82-9983-c93644b079a7,87,现代汽车公司,IONIQ 5,IONIQ 5是现代汽车公司生产的一款电动车型，涉及召回事件。,8.0,12,['bdd82bb05fd541edefd037066d88ac3f733d613d919b7091d5bc33f5b6665ffa0123bcbcecaa90e4a4aa3b047e7c8e308aa10f46dc58f39cbfc275ed90ef2265']
8b3ea064-78d8-47ef-87db-e7cda2553438,88,现代汽车公司,IONIQ 6,IONIQ 6是现代汽车公司生产的一款电动车型，涉及召回事件。,8.0,12,['bdd82bb05fd541edefd037066d88ac3f733d613d919b7091d5bc33f5b6665ffa0123bcbcecaa90e4a4aa3b047e7c8e308aa10f46dc58f39cbfc275ed90ef2265']
ce352d29-26d5-4d0e-8bf6-daaf1967b7fa,89,现代汽车公司,召回编号248,现代汽车公司此次召回编号为248，涉及电子稳定控制系统传感器校准问题。,9.0,13,['bdd82bb05fd541edefd037066d88ac3f733d613d919b7091d5bc33f5b6665ffa0123bcbcecaa90e4a4aa3b047e7c8e308aa10f46dc58f39cbfc275ed90ef2265']
84a2f00b-749a-47e8-9c6c-5db2981ceb81,90,现代汽车公司,车主通知信,车主通知信已于2024年10月5日邮寄，通知车主召回相关信息。,8.0,14,['bdd82bb05fd541edefd037066d88ac3f733d613d919b7091d5bc33f5b6665ffa0123bcbcecaa90e4a4aa3b047e7c8e308aa10f46dc58f39cbfc275ed90ef2265']
7ebba88c-5c6d-46c4-a2ab-4b29dd0a1da6,91,现代汽车公司,韩国,召回事件涉及的生产国为韩国。,7.0,12,['bdd82bb05fd541edefd037066d88ac3f733d613d919b7091d5bc33f5b6665ffa0123bcbcecaa90e4a4aa3b047e7c8e308aa10f46dc58f39cbfc275ed90ef2265']
c43d8407-d4fb-4422-a20b-38bd3038ed5d,92,电子稳定控制系统,校准问题,"电子稳定控制系统传感器的(""entity""",1.0,5,['bdd82bb05fd541edefd037066d88ac3f733d613d919b7091d5bc33f5b6665ffa0123bcbcecaa90e4a4aa3b047e7c8e308aa10f46dc58f39cbfc275ed90ef2265']
0a07c63d-dd5d-45f0-8fee-aed56fde4d15,93,电子稳定控制系统,现代摩比斯,现代摩比斯是电子稳定控制系统的零部件制造商，涉及召回事件。,8.0,4,['bdd82bb05fd541edefd037066d88ac3f733d613d919b7091d5bc33f5b6665ffa0123bcbcecaa90e4a4aa3b047e7c8e308aa10f46dc58f39cbfc275ed90ef2265']
3f5dc2d6-f242-4b5b-83a7-d87516fa2566,94,电子稳定控制系统,免费更新电子稳定控制系统软件,经销商将免费更新电子稳定控制系统软件以解决问题。,9.0,4,['bdd82bb05fd541edefd037066d88ac3f733d613d919b7091d5bc33f5b6665ffa0123bcbcecaa90e4a4aa3b047e7c8e308aa10f46dc58f39cbfc275ed90ef2265']
e29231a1-e12f-4327-a76b-b60d1d2bf823,95,校准问题,碰撞风险,电子稳定控制系统传感器的校准问题可能增加发生碰撞的风险。,9.0,3,['bdd82bb05fd541edefd037066d88ac3f733d613d919b7091d5bc33f5b6665ffa0123bcbcecaa90e4a4aa3b047e7c8e308aa10f46dc58f39cbfc275ed90ef2265']
d744fe34-b9dc-4c81-8eac-8a3afc7ecf4e,96,HTTPS://WWW.NHTSA.GOV/RECALLS?NHTSAID=24V612000,召回编号248,召回事件的详细信息可通过此网址查看。,1.0,3,['bdd82bb05fd541edefd037066d88ac3f733d613d919b7091d5bc33f5b6665ffa0123bcbcecaa90e4a4aa3b047e7c8e308aa10f46dc58f39cbfc275ed90ef2265']
70d6e024-af40-44e8-abed-0e3d40094ed3,97,上汽大众汽车有限公司,大众,上汽大众汽车有限公司是大众品牌帕萨特系列车型的生产者,9.0,5,['68ccd9cdfb252b2bd7c53ee44b9e89602f2265848a662bded6f449414e7f6b943fdc4915466855fd1cc30a9b28b0bbac0086b73b29470a47c0f3de238f4bef3b']
2a6ed9ca-77f1-4d12-b34f-92fbec131ab9,98,帕萨特系列,发动机,帕萨特系列车型的发动机涉及正时链条松动或张紧器故障问题,8.0,6,['68ccd9cdfb252b2bd7c53ee44b9e89602f2265848a662bded6f449414e7f6b943fdc4915466855fd1cc30a9b28b0bbac0086b73b29470a47c0f3de238f4bef3b']
cf9317aa-28d4-4fe2-ac8c-11873c419595,99,帕萨特系列,帕萨特行驶3.2万公里发动机异响,帕萨特系列车型涉及发动机异响问题,8.0,4,['68ccd9cdfb252b2bd7c53ee44b9e89602f2265848a662bded6f449414e7f6b943fdc4915466855fd1cc30a9b28b0bbac0086b73b29470a47c0f3de238f4bef3b']
7cc0a946-3f88-463b-98b5-dbdacb2284e9,100,发动机,正时链条松动,发动机正时链条存在轻微松动现象，属于正常磨损范围内,7.0,8,['68ccd9cdfb252b2bd7c53ee44b9e89602f2265848a662bded6f449414e7f6b943fdc4915466855fd1cc30a9b28b0bbac0086b73b29470a47c0f3de238f4bef3b']
814a1986-6749-4ab5-b0c1-d9217cd8ae00,101,发动机,张紧器故障,发动机张紧器可能存在故障，导致怠速和低速行驶时发动机舱出现异响,7.0,8,['68ccd9cdfb252b2bd7c53ee44b9e89602f2265848a662bded6f449414e7f6b943fdc4915466855fd1cc30a9b28b0bbac0086b73b29470a47c0f3de238f4bef3b']
63320943-b81c-4cc6-ba13-9617d665dfaf,102,发动机,车辆发动机舱异响,发动机问题导致车辆发动机舱出现异响,8.0,5,['68ccd9cdfb252b2bd7c53ee44b9e89602f2265848a662bded6f449414e7f6b943fdc4915466855fd1cc30a9b28b0bbac0086b73b29470a47c0f3de238f4bef3b']
f15b2274-55f5-4643-a833-0659ac901e48,103,正时链条松动,免费更换正时链条及张紧器,维修措施包括免费更换正时链条以解决松动问题,8.0,7,['68ccd9cdfb252b2bd7c53ee44b9e89602f2265848a662bded6f449414e7f6b943fdc4915466855fd1cc30a9b28b0bbac0086b73b29470a47c0f3de238f4bef3b']
ad172e81-9000-4ff4-a70b-9b7b81a49f50,104,正时链条松动,正时链条及张紧器,正时链条松动问题涉及该部件,7.0,6,['68ccd9cdfb252b2bd7c53ee44b9e89602f2265848a662bded6f449414e7f6b943fdc4915466855fd1cc30a9b28b0bbac0086b73b29470a47c0f3de238f4bef3b']
cb8b91f2-bb5e-4406-8ffe-03bfe6db76ad,105,正时链条松动,免费提供维修服务,维修措施包括免费更换正时链条以解决松动问题,8.0,7,['68ccd9cdfb252b2bd7c53ee44b9e89602f2265848a662bded6f449414e7f6b943fdc4915466855fd1cc30a9b28b0bbac0086b73b29470a47c0f3de238f4bef3b']
8f9b90d4-c117-4169-9373-ddc18aa98aed,106,张紧器故障,免费更换正时链条及张紧器,维修措施包括免费更换张紧器以解决故障问题,8.0,7,['68ccd9cdfb252b2bd7c53ee44b9e89602f2265848a662bded6f449414e7f6b943fdc4915466855fd1cc30a9b28b0bbac0086b73b29470a47c0f3de238f4bef3b']
951c93ef-60be-4f49-957c-0c7f53a56266,107,张紧器故障,正时链条及张紧器,张紧器故障问题涉及该部件,7.0,6,['68ccd9cdfb252b2bd7c53ee44b9e89602f2265848a662bded6f449414e7f6b943fdc4915466855fd1cc30a9b28b0bbac0086b73b29470a47c0f3de238f4bef3b']
b80f1664-f139-4aab-8ea3-a463d307b552,108,张紧器故障,免费提供维修服务,维修措施包括免费更换张紧器以解决故障问题,8.0,7,['68ccd9cdfb252b2bd7c53ee44b9e89602f2265848a662bded6f449414e7f6b943fdc4915466855fd1cc30a9b28b0bbac0086b73b29470a47c0f3de238f4bef3b']
9b364d27-c4e1-4068-87c9-b82de1f0e3b3,109,免费更换正时链条及张紧器,首次反馈已提交,消费者首次反馈后安排维修，包括免费更换正时链条及张紧器,9.0,8,['68ccd9cdfb252b2bd7c53ee44b9e89602f2265848a662bded6f449414e7f6b943fdc4915466855fd1cc30a9b28b0bbac0086b73b29470a47c0f3de238f4bef3b']
b3bec799-92a3-4729-9469-dbfe51b23186,110,首次反馈已提交,协作网(中国网汽车),消费者通过协作网提交缺陷报告，首次反馈已提交,9.0,6,['68ccd9cdfb252b2bd7c53ee44b9e89602f2265848a662bded6f449414e7f6b943fdc4915466855fd1cc30a9b28b0bbac0086b73b29470a47c0f3de238f4bef3b']
faaf0ea7-e828-471b-a977-4189413298ae,111,首次反馈已提交,形式审查已完成,缺陷报告从“首次反馈已提交”到“形式审查已完成”，表明在产品安全领域中，缺陷报告在首次反馈提交后顺利通过形式审查。这一过程反映了缺陷报告在提交后经过初步评估和审查的关键阶段，确保报告内容符合形式要求，为后续深入分析和处理奠定基础。这一流程的完成标志着产品安全管理体系中重要的一环，体现了对缺陷报告处理的规范性和高效性。,14.0,9,"['68ccd9cdfb252b2bd7c53ee44b9e89602f2265848a662bded6f449414e7f6b943fdc4915466855fd1cc30a9b28b0bbac0086b73b29470a47c0f3de238f4bef3b'
 'a78ffc1ee4126bdf4229637c372adc2624071322725a170052ac9a9cce646cbcfad010db89a6374cfc065b9f2d275b0cb2351adbcb0d8a835cede706769a2491']"
a1a47365-f2f9-42df-912a-16a7d2400cba,112,江苏省,南京市,南京市是江苏省内的消费者所在地,8.0,3,['68ccd9cdfb252b2bd7c53ee44b9e89602f2265848a662bded6f449414e7f6b943fdc4915466855fd1cc30a9b28b0bbac0086b73b29470a47c0f3de238f4bef3b']
92c03785-46e8-4e24-b49c-ee0d5ab9f267,113,帕萨特行驶3.2万公里发动机异响,李四,消费者李四报告帕萨特车型发动机异响问题,9.0,3,['68ccd9cdfb252b2bd7c53ee44b9e89602f2265848a662bded6f449414e7f6b943fdc4915466855fd1cc30a9b28b0bbac0086b73b29470a47c0f3de238f4bef3b']
1f417e3d-d31b-491f-803f-13b1ce4aa453,114,车辆在保修期内,免费提供维修服务,由于车辆在保修期内，消费者可享受免费维修服务,1.0,4,['68ccd9cdfb252b2bd7c53ee44b9e89602f2265848a662bded6f449414e7f6b943fdc4915466855fd1cc30a9b28b0bbac0086b73b29470a47c0f3de238f4bef3b']
f5a8293d-ad4a-48bf-a4f1-a9904db90ba9,115,华为技术有限公司,华为MATE60手机,华为技术有限公司是华为Mate60手机的生产企业,9.0,9,['648df115cd87b36a9087a53be34fb6859e348a684cf81ac789d398e0e9529b3d419acda2429e1b2bf2ec2a11e5afa1032da0243d272d6fb49c7d08d0c2ca1375']
6bb37571-c790-4d99-9f4e-49bb369db309,116,华为技术有限公司,质量问题,华为技术有限公司生产的Mate60手机被消费者投诉存在质量问题,8.0,7,['648df115cd87b36a9087a53be34fb6859e348a684cf81ac789d398e0e9529b3d419acda2429e1b2bf2ec2a11e5afa1032da0243d272d6fb49c7d08d0c2ca1375']
803d59cf-eac7-4732-af06-81bc05e0ccf8,117,华为MATE60手机,严重发热,华为Mate60手机在使用三个月后出现严重发热问题,8.0,10,['648df115cd87b36a9087a53be34fb6859e348a684cf81ac789d398e0e9529b3d419acda2429e1b2bf2ec2a11e5afa1032da0243d272d6fb49c7d08d0c2ca1375']
ecb45d1a-9d60-43cd-a4c4-2c21ad81064e,118,华为MATE60手机,电池快速耗尽,华为Mate60手机在使用三个月后出现电池快速耗尽问题,8.0,10,['648df115cd87b36a9087a53be34fb6859e348a684cf81ac789d398e0e9529b3d419acda2429e1b2bf2ec2a11e5afa1032da0243d272d6fb49c7d08d0c2ca1375']
d6d5c506-42db-4a03-809c-03daac6a2000,119,华为MATE60手机,质量问题,华为Mate60手机被消费者投诉存在质量问题,9.0,12,['648df115cd87b36a9087a53be34fb6859e348a684cf81ac789d398e0e9529b3d419acda2429e1b2bf2ec2a11e5afa1032da0243d272d6fb49c7d08d0c2ca1375']
46eca61b-2884-41d1-b082-f6324dd525b6,120,华为MATE60手机,华为官方旗舰店,消费者在华为官方旗舰店购买了Mate60手机,7.0,9,['648df115cd87b36a9087a53be34fb6859e348a684cf81ac789d398e0e9529b3d419acda2429e1b2bf2ec2a11e5afa1032da0243d272d6fb49c7d08d0c2ca1375']
244bcba8-5468-484d-9b64-85c585f444eb,121,华为MATE60手机,通讯设备,华为Mate60手机属于通讯设备类别,7.0,9,['648df115cd87b36a9087a53be34fb6859e348a684cf81ac789d398e0e9529b3d419acda2429e1b2bf2ec2a11e5afa1032da0243d272d6fb49c7d08d0c2ca1375']
7fc59577-51e2-4034-8d71-ec0c5a833818,122,华为MATE60手机,电子电器,华为Mate60手机属于电子电器类别,7.0,12,['648df115cd87b36a9087a53be34fb6859e348a684cf81ac789d398e0e9529b3d419acda2429e1b2bf2ec2a11e5afa1032da0243d272d6fb49c7d08d0c2ca1375']
0498abf5-7cc1-488f-87d6-ab945e44c46e,123,严重发热,电子产品质量问题,电子产品质量问题包括华为Mate60手机的严重发热问题,8.0,6,['648df115cd87b36a9087a53be34fb6859e348a684cf81ac789d398e0e9529b3d419acda2429e1b2bf2ec2a11e5afa1032da0243d272d6fb49c7d08d0c2ca1375']
57764b89-c106-4f3e-9853-98cdbb79ad43,124,严重发热,质量问题,质量问题包括华为Mate60手机的严重发热问题,8.0,8,['648df115cd87b36a9087a53be34fb6859e348a684cf81ac789d398e0e9529b3d419acda2429e1b2bf2ec2a11e5afa1032da0243d272d6fb49c7d08d0c2ca1375']
2eacd1cf-f137-4d99-9a65-da5fb2c36511,125,电池快速耗尽,电子产品质量问题,电子产品质量问题包括华为Mate60手机的电池快速耗尽问题,8.0,6,['648df115cd87b36a9087a53be34fb6859e348a684cf81ac789d398e0e9529b3d419acda2429e1b2bf2ec2a11e5afa1032da0243d272d6fb49c7d08d0c2ca1375']
1fd3372e-da83-4588-bdcc-8e52e284d8db,126,电池快速耗尽,质量问题,质量问题包括华为Mate60手机的电池快速耗尽问题,8.0,8,['648df115cd87b36a9087a53be34fb6859e348a684cf81ac789d398e0e9529b3d419acda2429e1b2bf2ec2a11e5afa1032da0243d272d6fb49c7d08d0c2ca1375']
01015725-24c3-4b96-995c-2057c5686e0c,127,更换同型号新机或退款,李**,消费者李**要求更换同型号新机或退款以解决问题,1.0,7,['648df115cd87b36a9087a53be34fb6859e348a684cf81ac789d398e0e9529b3d419acda2429e1b2bf2ec2a11e5afa1032da0243d272d6fb49c7d08d0c2ca1375']
a7372b27-cbe5-4312-8c82-ad46c9e33a08,128,电子产品质量问题,李**,消费者李**投诉华为Mate60手机存在电子产品质量问题,7.0,9,['648df115cd87b36a9087a53be34fb6859e348a684cf81ac789d398e0e9529b3d419acda2429e1b2bf2ec2a11e5afa1032da0243d272d6fb49c7d08d0c2ca1375']
41174ab0-5e82-41c5-bfff-c655b269ed4c,129,李**,华为官方旗舰店,消费者李**在华为官方旗舰店购买了Mate60手机,6.0,8,['648df115cd87b36a9087a53be34fb6859e348a684cf81ac789d398e0e9529b3d419acda2429e1b2bf2ec2a11e5afa1032da0243d272d6fb49c7d08d0c2ca1375']
17d2bcf6-cc81-4dfa-9e23-b4a124fb1d78,130,李**,质量问题,消费者李**投诉华为Mate60手机存在质量问题,7.0,11,['648df115cd87b36a9087a53be34fb6859e348a684cf81ac789d398e0e9529b3d419acda2429e1b2bf2ec2a11e5afa1032da0243d272d6fb49c7d08d0c2ca1375']
daea8731-19ab-41c3-905d-3570ef06f32b,131,李**,通讯设备,消费者李**投诉的产品Mate60手机属于通讯设备类别,6.0,8,['648df115cd87b36a9087a53be34fb6859e348a684cf81ac789d398e0e9529b3d419acda2429e1b2bf2ec2a11e5afa1032da0243d272d6fb49c7d08d0c2ca1375']
0bdfc590-1fe8-463e-9f43-7c9f8ee78bd4,132,李**,电子电器,消费者李**投诉的产品Mate60手机属于电子电器类别,1.0,11,['648df115cd87b36a9087a53be34fb6859e348a684cf81ac789d398e0e9529b3d419acda2429e1b2bf2ec2a11e5afa1032da0243d272d6fb49c7d08d0c2ca1375']
00c8b9f6-c38c-4235-bac1-5588c0ab68c9,133,制动失灵,刹车系统,制动失灵是刹车系统中的一种严重故障,9.0,8,['dde296897e8f9fd3717a13ed3dcc235b75f4cb290f92348af07df300a9f2947a43e80c894e52e7dfcc4f993383f0c35c608b8f67e2f17162088a32cc87799794']
d36b21fb-e7a2-4ac3-b0dd-b8edb572cc46,134,刹车系统,刹车失灵,刹车失灵是刹车系统故障的一种表现,8.0,8,['dde296897e8f9fd3717a13ed3dcc235b75f4cb290f92348af07df300a9f2947a43e80c894e52e7dfcc4f993383f0c35c608b8f67e2f17162088a32cc87799794']
18618707-3172-44a2-a920-d3be73f8d72f,135,刹车系统,制动距离长,制动距离长可能由刹车系统性能下降引起,7.0,8,['dde296897e8f9fd3717a13ed3dcc235b75f4cb290f92348af07df300a9f2947a43e80c894e52e7dfcc4f993383f0c35c608b8f67e2f17162088a32cc87799794']
d0b18ecd-4e65-4022-b673-93fc0f3e84b1,136,刹车系统,刹车异响,刹车异响可能由刹车系统部件磨损或故障引起,6.0,8,['dde296897e8f9fd3717a13ed3dcc235b75f4cb290f92348af07df300a9f2947a43e80c894e52e7dfcc4f993383f0c35c608b8f67e2f17162088a32cc87799794']
1b36c542-1fce-4f8e-828f-6e5e860b20e6,137,刹车系统,ABS故障,ABS故障是刹车系统中防抱死制动功能的故障,8.0,8,['dde296897e8f9fd3717a13ed3dcc235b75f4cb290f92348af07df300a9f2947a43e80c894e52e7dfcc4f993383f0c35c608b8f67e2f17162088a32cc87799794']
9ee18390-07e1-4b9b-8558-f1f0e5b51978,138,刹车系统,刹车泵故障,刹车泵故障可能导致刹车系统制动压力不足,7.0,8,['dde296897e8f9fd3717a13ed3dcc235b75f4cb290f92348af07df300a9f2947a43e80c894e52e7dfcc4f993383f0c35c608b8f67e2f17162088a32cc87799794']
e224f57c-d864-4866-9e7a-fa6a4e32c00f,139,刹车系统,底盘系统,刹车系统是底盘系统的重要组成部分,1.0,10,['dde296897e8f9fd3717a13ed3dcc235b75f4cb290f92348af07df300a9f2947a43e80c894e52e7dfcc4f993383f0c35c608b8f67e2f17162088a32cc87799794']
b2a377b0-0340-4a3d-ba56-3e44ee346954,140,王强,机械伤害,王强在工作场所因机械伤害导致右手食指断裂伤,8.0,11,['0868536767af7b6004e1c146d2e9af623d6632749cf91cf81eae0bbb94d5bc262077f9279856189544531f08ec621d04e13ec5c6af7eda58173a9b8649ae5d9d']
14441771-ac3d-4b82-b7da-6f2112d4a21b,141,王强,广东省,王强的伤害发生地为广东省,1.0,11,['0868536767af7b6004e1c146d2e9af623d6632749cf91cf81eae0bbb94d5bc262077f9279856189544531f08ec621d04e13ec5c6af7eda58173a9b8649ae5d9d']
13bafbd0-c6f7-4d63-85bd-07811740156b,142,王强,2023-07-01,王强的伤害发生日期为2023年7月1日,8.0,9,['0868536767af7b6004e1c146d2e9af623d6632749cf91cf81eae0bbb94d5bc262077f9279856189544531f08ec621d04e13ec5c6af7eda58173a9b8649ae5d9d']
cf867cd0-085c-48bb-81f9-e4b894f415a7,143,王强,2023-07-01 18:45,王强的伤害就诊时间为2023年7月1日18:45,7.0,9,['0868536767af7b6004e1c146d2e9af623d6632749cf91cf81eae0bbb94d5bc262077f9279856189544531f08ec621d04e13ec5c6af7eda58173a9b8649ae5d9d']
551358d0-0ba6-4180-a03b-1612e491063a,144,王强,工作场所,王强的伤害发生地点为工作场所,8.0,9,['0868536767af7b6004e1c146d2e9af623d6632749cf91cf81eae0bbb94d5bc262077f9279856189544531f08ec621d04e13ec5c6af7eda58173a9b8649ae5d9d']
824aada4-ed36-49c8-8fee-9277c85f3e89,145,王强,工作,王强的伤害发生时活动为工作,7.0,9,['0868536767af7b6004e1c146d2e9af623d6632749cf91cf81eae0bbb94d5bc262077f9279856189544531f08ec621d04e13ec5c6af7eda58173a9b8649ae5d9d']
86f95e16-2d54-4ff8-9523-f7f95617226e,146,王强,未饮酒,王强在伤害发生时未饮酒,6.0,11,['0868536767af7b6004e1c146d2e9af623d6632749cf91cf81eae0bbb94d5bc262077f9279856189544531f08ec621d04e13ec5c6af7eda58173a9b8649ae5d9d']
46f1bb12-12e4-4165-8c0c-ca8bf14cabf8,147,王强,13500123456,王强的联系电话为13500123456,1.0,9,['0868536767af7b6004e1c146d2e9af623d6632749cf91cf81eae0bbb94d5bc262077f9279856189544531f08ec621d04e13ec5c6af7eda58173a9b8649ae5d9d']
0beb980f-973f-4121-bcee-086d2a345390,148,机械伤害,切割机,"切割机直接导致机械伤害
机械伤害由切割机直接导致",18.0,4,['0868536767af7b6004e1c146d2e9af623d6632749cf91cf81eae0bbb94d5bc262077f9279856189544531f08ec621d04e13ec5c6af7eda58173a9b8649ae5d9d']
df511959-019b-4605-86c4-04d824a68017,149,机械伤害,裂伤,机械伤害导致裂伤,9.0,5,['0868536767af7b6004e1c146d2e9af623d6632749cf91cf81eae0bbb94d5bc262077f9279856189544531f08ec621d04e13ec5c6af7eda58173a9b8649ae5d9d']
1773532e-63cc-4818-9bd2-bfca389e4edd,150,右手食指断裂伤,手外科,右手食指断裂伤由手外科部门处理,7.0,6,['0868536767af7b6004e1c146d2e9af623d6632749cf91cf81eae0bbb94d5bc262077f9279856189544531f08ec621d04e13ec5c6af7eda58173a9b8649ae5d9d']
981c10a0-0a83-47d5-8444-78cde8a6484a,151,右手食指断裂伤,裂伤,裂伤是右手食指断裂伤的具体表现,8.0,7,['0868536767af7b6004e1c146d2e9af623d6632749cf91cf81eae0bbb94d5bc262077f9279856189544531f08ec621d04e13ec5c6af7eda58173a9b8649ae5d9d']
4c3cc708-7df5-4a12-a802-c305fb7960ea,152,右手食指断裂伤,肌肉系统,右手食指断裂伤累及肌肉系统,8.0,6,['0868536767af7b6004e1c146d2e9af623d6632749cf91cf81eae0bbb94d5bc262077f9279856189544531f08ec621d04e13ec5c6af7eda58173a9b8649ae5d9d']
c1b886c0-bf61-463b-a0fe-40f9c4e341fb,153,右手食指断裂伤,中度,右手食指断裂伤的严重程度为中度,7.0,6,['0868536767af7b6004e1c146d2e9af623d6632749cf91cf81eae0bbb94d5bc262077f9279856189544531f08ec621d04e13ec5c6af7eda58173a9b8649ae5d9d']
13e13b2f-13c8-48f7-bd09-b0d194bacc98,154,右手食指断裂伤,转院,右手食指断裂伤的伤害结局为转院,8.0,6,['0868536767af7b6004e1c146d2e9af623d6632749cf91cf81eae0bbb94d5bc262077f9279856189544531f08ec621d04e13ec5c6af7eda58173a9b8649ae5d9d']
3d44308c-5bd8-4f57-9efa-6c398127bc7a,155,杭州家电科技有限公司,产品质量问题,杭州家电科技有限公司因产品质量问题被要求进行全面检查,7.0,7,['fd3c621c557780e5e43c77a826849aeb0633b46c07455dffcbcd3f9dc3805f96f425c72bd42b6e856a8ef61692204e3666a3966c6ebdd06637e3af819432c295']
e85b82b1-8d9f-49e3-b8c3-9cbe90b8db0e,156,杭州家电科技有限公司,整改方案,杭州家电科技有限公司预计两周内提交整改方案以解决产品质量问题,1.0,7,['fd3c621c557780e5e43c77a826849aeb0633b46c07455dffcbcd3f9dc3805f96f425c72bd42b6e856a8ef61692204e3666a3966c6ebdd06637e3af819432c295']
79fc5d11-7e5b-4e7f-b7cb-ad4133afad97,157,杭州家电科技有限公司,浙江省,杭州家电科技有限公司位于浙江省,6.0,7,['fd3c621c557780e5e43c77a826849aeb0633b46c07455dffcbcd3f9dc3805f96f425c72bd42b6e856a8ef61692204e3666a3966c6ebdd06637e3af819432c295']
eb9b0fc8-5a12-46c0-a73b-7311d7c2f471,158,杭州家电科技有限公司,调查通知,杭州家电科技有限公司已收到调查通知，要求进行全面检查,8.0,7,['fd3c621c557780e5e43c77a826849aeb0633b46c07455dffcbcd3f9dc3805f96f425c72bd42b6e856a8ef61692204e3666a3966c6ebdd06637e3af819432c295']
e86746f9-d6f5-491b-bef9-938249a950d7,159,杭州家电科技有限公司,全面检查,杭州家电科技有限公司正在对相关批次产品进行全面检查,7.0,7,['fd3c621c557780e5e43c77a826849aeb0633b46c07455dffcbcd3f9dc3805f96f425c72bd42b6e856a8ef61692204e3666a3966c6ebdd06637e3af819432c295']
c3c3f392-8266-4ab1-8ca2-a047f33a8e7c,160,杭州家电科技有限公司,202406期,202406期是杭州家电科技有限公司案例处理的时间节点,1.0,7,['fd3c621c557780e5e43c77a826849aeb0633b46c07455dffcbcd3f9dc3805f96f425c72bd42b6e856a8ef61692204e3666a3966c6ebdd06637e3af819432c295']
8d31358c-eefb-4709-b638-461affd8e077,161,李娜,跌倒/坠落,李娜因跌倒/坠落导致伤害,8.0,9,['b5e716b1f062d511dd300de9550d02c3bac9015435cfb840355683cdd562a54daecf4210b69e0e6bc76d725f4264f6b044ad86347615d4b66f10e58b7568d84c']
858b7484-1168-40cc-b939-045a1be012eb,162,李娜,北京市,李娜的户籍所在地为北京市,8.0,6,['b5e716b1f062d511dd300de9550d02c3bac9015435cfb840355683cdd562a54daecf4210b69e0e6bc76d725f4264f6b044ad86347615d4b66f10e58b7568d84c']
a834d3b7-7210-44ea-93db-b18ce62aac82,163,李娜,教师,李娜的职业为教师,7.0,6,['b5e716b1f062d511dd300de9550d02c3bac9015435cfb840355683cdd562a54daecf4210b69e0e6bc76d725f4264f6b044ad86347615d4b66f10e58b7568d84c']
8fc8d42c-866b-4baf-8dd6-30066919e128,164,李娜,未饮酒,李娜在伤害发生时未饮酒,7.0,8,['b5e716b1f062d511dd300de9550d02c3bac9015435cfb840355683cdd562a54daecf4210b69e0e6bc76d725f4264f6b044ad86347615d4b66f10e58b7568d84c']
ff046e93-086d-483c-8ecf-db8b8ae17149,165,李娜,13987654321,李娜的联系电话为13987654321,1.0,6,['b5e716b1f062d511dd300de9550d02c3bac9015435cfb840355683cdd562a54daecf4210b69e0e6bc76d725f4264f6b044ad86347615d4b66f10e58b7568d84c']
e0eca2f6-66ed-4ba3-85ca-6df67ebff995,166,跌倒/坠落,家中,跌倒/坠落事件发生在家中,7.0,5,['b5e716b1f062d511dd300de9550d02c3bac9015435cfb840355683cdd562a54daecf4210b69e0e6bc76d725f4264f6b044ad86347615d4b66f10e58b7568d84c']
05336060-6a01-4e09-bfcd-5107d84f9475,167,跌倒/坠落,地板,地板间接导致了跌倒/坠落事件,7.0,6,['b5e716b1f062d511dd300de9550d02c3bac9015435cfb840355683cdd562a54daecf4210b69e0e6bc76d725f4264f6b044ad86347615d4b66f10e58b7568d84c']
5766ecc0-4b99-4368-9e2a-282669e35af5,168,跌倒/坠落,日常活动,跌倒/坠落发生时的活动为日常活动,6.0,5,['b5e716b1f062d511dd300de9550d02c3bac9015435cfb840355683cdd562a54daecf4210b69e0e6bc76d725f4264f6b044ad86347615d4b66f10e58b7568d84c']
20034678-125a-472f-908e-052b90dcc3a0,169,骨折,手腕,骨折发生在手腕部位,9.0,4,['b5e716b1f062d511dd300de9550d02c3bac9015435cfb840355683cdd562a54daecf4210b69e0e6bc76d725f4264f6b044ad86347615d4b66f10e58b7568d84c']
8a3824cf-8212-471e-94cf-bbeb81cadf95,170,骨折,骨骼系统,骨折累及骨骼系统,8.0,4,['b5e716b1f062d511dd300de9550d02c3bac9015435cfb840355683cdd562a54daecf4210b69e0e6bc76d725f4264f6b044ad86347615d4b66f10e58b7568d84c']
f381a5ca-50b7-4f03-bedf-04cd0082cc4c,171,骨折,桡骨远端骨折,桡骨远端骨折是一种骨折类型,9.0,6,['b5e716b1f062d511dd300de9550d02c3bac9015435cfb840355683cdd562a54daecf4210b69e0e6bc76d725f4264f6b044ad86347615d4b66f10e58b7568d84c']
245b3cad-bdb3-4a5e-919d-bf4f745e270b,172,桡骨远端骨折,住院治疗,桡骨远端骨折导致住院治疗,8.0,4,['b5e716b1f062d511dd300de9550d02c3bac9015435cfb840355683cdd562a54daecf4210b69e0e6bc76d725f4264f6b044ad86347615d4b66f10e58b7568d84c']
c7987ff4-094b-43ea-80be-27c30a8ec8dd,173,桡骨远端骨折,骨科,骨科负责处理桡骨远端骨折病例,1.0,4,['b5e716b1f062d511dd300de9550d02c3bac9015435cfb840355683cdd562a54daecf4210b69e0e6bc76d725f4264f6b044ad86347615d4b66f10e58b7568d84c']
af42702e-1047-409f-b8fa-ba26698b3a65,174,地板,间接导致,地板间接导致了伤害事件,7.0,3,['b5e716b1f062d511dd300de9550d02c3bac9015435cfb840355683cdd562a54daecf4210b69e0e6bc76d725f4264f6b044ad86347615d4b66f10e58b7568d84c']
84c907a8-053a-43a1-9339-bb8908dfeb90,175,屏幕损坏,电子电器,屏幕损坏问题属于电子电器产品类别,1.0,8,['a79d1059cbd42a5b13b468a04b2fea7a81b4f87561c6c0cfcf94ded98e4b1167d915c02c822d9450500e95df3d4558c3f8b71b98fce96d064691d7f726303b9a']
d356e141-ab2b-4a34-89cb-155d2e04384c,176,屏幕损坏,显示问题,屏幕损坏是显示问题的一种表现形式,8.0,6,['a79d1059cbd42a5b13b468a04b2fea7a81b4f87561c6c0cfcf94ded98e4b1167d915c02c822d9450500e95df3d4558c3f8b71b98fce96d064691d7f726303b9a']
b397f50a-4e43-4694-8810-30a4ef00ab62,177,屏幕损坏,消费品,屏幕损坏问题属于消费品产品类别,7.0,7,['a79d1059cbd42a5b13b468a04b2fea7a81b4f87561c6c0cfcf94ded98e4b1167d915c02c822d9450500e95df3d4558c3f8b71b98fce96d064691d7f726303b9a']
4eaf458a-1109-4f35-a48b-5e7e8b6a927e,178,电子电器,显示问题,显示问题属于电子电器产品类别,1.0,8,['a79d1059cbd42a5b13b468a04b2fea7a81b4f87561c6c0cfcf94ded98e4b1167d915c02c822d9450500e95df3d4558c3f8b71b98fce96d064691d7f726303b9a']
6facd1d2-7c50-4270-a3eb-d89c6d011a48,179,消费品,显示问题,显示问题属于消费品产品类别,7.0,7,['a79d1059cbd42a5b13b468a04b2fea7a81b4f87561c6c0cfcf94ded98e4b1167d915c02c822d9450500e95df3d4558c3f8b71b98fce96d064691d7f726303b9a']
61918a09-8d6a-486d-9b9a-55839835aeef,180,长安福特,福特,福特是长安福特旗下的品牌，涉及刹车失灵隐患的安全召回事件,8.0,10,['4b87116c3076ce3947200be42f9c74d95512b541e3d8bec6c79f28083450b1447f221d1a067a11615c51e858d5f71c73b99e6dce531553438bda3a24ed21a079']
3227cf3a-224f-4f78-9fce-315ed6f2b325,181,长安福特,蒙迪欧,蒙迪欧是长安福特生产的车型，涉及刹车失灵隐患的安全召回事件,9.0,10,['4b87116c3076ce3947200be42f9c74d95512b541e3d8bec6c79f28083450b1447f221d1a067a11615c51e858d5f71c73b99e6dce531553438bda3a24ed21a079']
a3e92854-236c-4b28-9ccf-54f058186417,182,长安福特,全国范围内召回检修,长安福特实施全国范围内召回检修以解决刹车失灵隐患,9.0,10,['4b87116c3076ce3947200be42f9c74d95512b541e3d8bec6c79f28083450b1447f221d1a067a11615c51e858d5f71c73b99e6dce531553438bda3a24ed21a079']
d6725cd2-4743-4731-81a2-990cb284e775,183,长安福特,HTTP://WWW.XINHUANET.COM/AUTO/RECALL-45678,有关长安福特刹车失灵隐患召回事件的详细信息可通过此链接查看,1.0,10,['4b87116c3076ce3947200be42f9c74d95512b541e3d8bec6c79f28083450b1447f221d1a067a11615c51e858d5f71c73b99e6dce531553438bda3a24ed21a079']
b7275429-ae53-4079-99a4-f8daafaf161b,184,长安福特,安全召回,长安福特针对刹车失灵隐患实施了安全召回措施,9.0,11,['4b87116c3076ce3947200be42f9c74d95512b541e3d8bec6c79f28083450b1447f221d1a067a11615c51e858d5f71c73b99e6dce531553438bda3a24ed21a079']
48402dd1-4d40-427b-8803-10d199d79304,185,长安福特,传播影响力值89,长安福特刹车失灵隐患事件的传播影响力值为89，表明事件受到了广泛关注,8.0,9,['4b87116c3076ce3947200be42f9c74d95512b541e3d8bec6c79f28083450b1447f221d1a067a11615c51e858d5f71c73b99e6dce531553438bda3a24ed21a079']
7ea2cb9d-fb60-4886-9c0a-5a77f8da0bc3,186,长安福特,百度权重9,长安福特刹车失灵隐患事件的百度权重为9，显示其在搜索引擎中的重要性,7.0,9,['4b87116c3076ce3947200be42f9c74d95512b541e3d8bec6c79f28083450b1447f221d1a067a11615c51e858d5f71c73b99e6dce531553438bda3a24ed21a079']
dbbcbfd2-bafe-4741-9071-334c0c6de8ec,187,蒙迪欧,制动系统,蒙迪欧的制动系统涉及刹车失灵隐患的安全召回事件,8.0,4,['4b87116c3076ce3947200be42f9c74d95512b541e3d8bec6c79f28083450b1447f221d1a067a11615c51e858d5f71c73b99e6dce531553438bda3a24ed21a079']
23182b65-898c-402f-8740-802de9c4a846,188,制动系统,刹车总泵,刹车总泵是制动系统中的关键部件，涉及刹车失灵隐患,9.0,4,['4b87116c3076ce3947200be42f9c74d95512b541e3d8bec6c79f28083450b1447f221d1a067a11615c51e858d5f71c73b99e6dce531553438bda3a24ed21a079']
152017de-681f-49cd-9ba4-a7d51265b413,189,刹车总泵,刹车失灵隐患,刹车总泵的故障可能导致刹车失灵隐患,10.0,4,['4b87116c3076ce3947200be42f9c74d95512b541e3d8bec6c79f28083450b1447f221d1a067a11615c51e858d5f71c73b99e6dce531553438bda3a24ed21a079']
2a2c0f7f-0337-468b-a216-e6bb30200cad,190,刹车失灵隐患,全国范围内召回检修,长安福特针对刹车失灵隐患实施全国范围内召回检修,9.0,4,['4b87116c3076ce3947200be42f9c74d95512b541e3d8bec6c79f28083450b1447f221d1a067a11615c51e858d5f71c73b99e6dce531553438bda3a24ed21a079']
2854794b-b2d6-4e2c-b6dd-c629471a3e09,191,HTTP://WWW.XINHUANET.COM/AUTO/RECALL-45678,新闻网站,新闻网站提供了长安福特刹车失灵隐患事件的详细信息链接,1.0,4,['4b87116c3076ce3947200be42f9c74d95512b541e3d8bec6c79f28083450b1447f221d1a067a11615c51e858d5f71c73b99e6dce531553438bda3a24ed21a079']
29ee3852-4ed6-42a7-b9b0-6c1898b3a096,192,安全召回,全国范围,安全召回措施覆盖全国范围，以解决刹车失灵隐患问题,8.0,4,['4b87116c3076ce3947200be42f9c74d95512b541e3d8bec6c79f28083450b1447f221d1a067a11615c51e858d5f71c73b99e6dce531553438bda3a24ed21a079']
24cd9570-0591-49bf-8010-204efa7db1c9,193,安全召回,新华网,新华网报道了长安福特刹车失灵隐患的安全召回事件,7.0,5,['4b87116c3076ce3947200be42f9c74d95512b541e3d8bec6c79f28083450b1447f221d1a067a11615c51e858d5f71c73b99e6dce531553438bda3a24ed21a079']
c234dcfe-6a22-4cc7-8ba7-b56c20ce2ef7,194,新闻网站,新华网,新华网是一个新闻网站，发布了长安福特刹车失灵隐患相关信息,8.0,4,['4b87116c3076ce3947200be42f9c74d95512b541e3d8bec6c79f28083450b1447f221d1a067a11615c51e858d5f71c73b99e6dce531553438bda3a24ed21a079']
d63f7543-a1df-4a16-97f6-f4221fb1f25f,195,上汽通用汽车有限公司,别克,上汽通用汽车有限公司是别克品牌车辆的生产者，负责生产和制造别克品牌的各类汽车产品。作为一家知名的汽车制造企业，上汽通用汽车有限公司在汽车行业中具有重要地位，其生产的别克品牌车辆以卓越的品质和可靠的性能广受消费者青睐。,16.0,10,"['2ac8f87919b440426447f5c823b514506fdc08fd1c4f7fcd7e67f47ad228fb0ab1f65274d1d8151b243d80af21d1ef52cc1529f13cc4811b8ce9ae20bfa36858'
 'f5b3e9d71d0afc0e950649922d3336ac04a906846b2f08df5376a95581005f7a4dc162a8e0752b33cb2f1edbce8734c2b9df2359b766c73b6f4302eef724527b']"
1292bb4c-ee37-4e2b-b065-f1d84c609d10,196,上汽通用汽车有限公司,召回编号QCZH_20250302,召回编号QCZH_20250302由上汽通用汽车有限公司实施,9.0,4,['2ac8f87919b440426447f5c823b514506fdc08fd1c4f7fcd7e67f47ad228fb0ab1f65274d1d8151b243d80af21d1ef52cc1529f13cc4811b8ce9ae20bfa36858']
a14c996e-5985-4704-a723-71be30d1f618,197,别克,SGM-6R,SGM-6R是别克品牌的一款车型,7.0,9,['2ac8f87919b440426447f5c823b514506fdc08fd1c4f7fcd7e67f47ad228fb0ab1f65274d1d8151b243d80af21d1ef52cc1529f13cc4811b8ce9ae20bfa36858']
2cbf42f4-ce04-47ad-8fb8-cd1cc5b05fb4,198,别克,召回编号QCZH_20250302,召回编号QCZH_20250302涉及别克品牌车辆,8.0,10,['2ac8f87919b440426447f5c823b514506fdc08fd1c4f7fcd7e67f47ad228fb0ab1f65274d1d8151b243d80af21d1ef52cc1529f13cc4811b8ce9ae20bfa36858']
035241c4-4728-484d-b749-9c6680cdcfe6,199,燃油泵电机,异常磨损,燃油泵电机可能存在异常磨损问题,9.0,5,['2ac8f87919b440426447f5c823b514506fdc08fd1c4f7fcd7e67f47ad228fb0ab1f65274d1d8151b243d80af21d1ef52cc1529f13cc4811b8ce9ae20bfa36858']
1b91ac27-783f-41bb-97c0-15e47fcfb801,200,燃油泵电机,如发现燃油泵异响，请立即停车并联系经销商,燃油泵电机异常磨损问题可能导致燃油泵异响，应急处置方法建议车主立即停车并联系经销商,8.0,3,['2ac8f87919b440426447f5c823b514506fdc08fd1c4f7fcd7e67f47ad228fb0ab1f65274d1d8151b243d80af21d1ef52cc1529f13cc4811b8ce9ae20bfa36858']
0545d066-8e6b-4239-b3cc-08f78b581173,201,异常磨损,免费更换改进后的燃油泵总成,免费更换改进后的燃油泵总成是解决异常磨损问题的维修措施,8.0,4,['2ac8f87919b440426447f5c823b514506fdc08fd1c4f7fcd7e67f47ad228fb0ab1f65274d1d8151b243d80af21d1ef52cc1529f13cc4811b8ce9ae20bfa36858']
219aea18-09fb-47eb-93fa-9e8d23ac73b2,202,异常磨损,优化燃油泵电机设计,优化燃油泵电机设计是解决异常磨损问题的生产车辆改进措施,8.0,4,['2ac8f87919b440426447f5c823b514506fdc08fd1c4f7fcd7e67f47ad228fb0ab1f65274d1d8151b243d80af21d1ef52cc1529f13cc4811b8ce9ae20bfa36858']
45d12844-6c33-4356-8f08-a13f2ea39e8c,203,挂号信,通知车主时间,车主通知方式包括通知车主时间和通过挂号信进行通知,7.0,5,['2ac8f87919b440426447f5c823b514506fdc08fd1c4f7fcd7e67f47ad228fb0ab1f65274d1d8151b243d80af21d1ef52cc1529f13cc4811b8ce9ae20bfa36858']
7774ef8b-c2aa-4c31-814b-ad8c5fd0ac83,204,电子邮件,通知车主时间,车主通知方式包括通知车主时间和通过电子邮件进行通知,7.0,5,['2ac8f87919b440426447f5c823b514506fdc08fd1c4f7fcd7e67f47ad228fb0ab1f65274d1d8151b243d80af21d1ef52cc1529f13cc4811b8ce9ae20bfa36858']
72aec889-affa-42b8-b665-607beb6ba8f0,205,服务热线,通知车主时间,车主通知方式包括通知车主时间和通过服务热线进行通知,7.0,5,['2ac8f87919b440426447f5c823b514506fdc08fd1c4f7fcd7e67f47ad228fb0ab1f65274d1d8151b243d80af21d1ef52cc1529f13cc4811b8ce9ae20bfa36858']
dcb08505-9d52-44c2-889c-e64cdb997271,206,国家市场监督管理总局缺陷产品召回技术中心网站,微信公众号SAMRDPRC,"用户可通过网站和微信公众号了解更多召回信息
用户可通过国家市场监督管理总局缺陷产品召回技术中心网站或微信公众号了解更多召回信息",8.0,3,['2ac8f87919b440426447f5c823b514506fdc08fd1c4f7fcd7e67f47ad228fb0ab1f65274d1d8151b243d80af21d1ef52cc1529f13cc4811b8ce9ae20bfa36858']
46e69795-8338-433c-bfa9-15708f550552,207,国家市场监督管理总局缺陷产品召回技术中心网站,热线电话010-59799616,"用户可通过国家市场监督管理总局缺陷产品召回技术中心网站或热线电话反映召回活动实施过程中的问题
用户可通过网站或热线电话反映召回活动实施过程中的问题",9.0,3,['2ac8f87919b440426447f5c823b514506fdc08fd1c4f7fcd7e67f47ad228fb0ab1f65274d1d8151b243d80af21d1ef52cc1529f13cc4811b8ce9ae20bfa36858']
2adec1a9-df97-480a-9dd0-2130d94ae3c3,208,国产,合资,召回车辆属于国产和合资类别,7.0,2,['2ac8f87919b440426447f5c823b514506fdc08fd1c4f7fcd7e67f47ad228fb0ab1f65274d1d8151b243d80af21d1ef52cc1529f13cc4811b8ce9ae20bfa36858']
35b71555-4888-4880-b19c-01a6667031e8,209,乘用车,L2,召回车辆属于乘用车类别，型号为L2,8.0,2,['2ac8f87919b440426447f5c823b514506fdc08fd1c4f7fcd7e67f47ad228fb0ab1f65274d1d8151b243d80af21d1ef52cc1529f13cc4811b8ce9ae20bfa36858']
2013a1b4-c3ae-4eb4-87ba-ecf38e8dfecd,210,8件投诉索赔,无事故及人员伤亡,召回事件中涉及8件投诉索赔，但未报告事故及人员伤亡情况,7.0,2,['2ac8f87919b440426447f5c823b514506fdc08fd1c4f7fcd7e67f47ad228fb0ab1f65274d1d8151b243d80af21d1ef52cc1529f13cc4811b8ce9ae20bfa36858']
ddfc1e5e-8259-4066-ab53-53c7e4593c99,211,别克,昂科威,昂科威是别克品牌的一款车型,9.0,9,['f5b3e9d71d0afc0e950649922d3336ac04a906846b2f08df5376a95581005f7a4dc162a8e0752b33cb2f1edbce8734c2b9df2359b766c73b6f4302eef724527b']
f46ee893-6178-4753-9ca9-e63a8d694c4a,212,别克,昂科威PLUS,昂科威Plus是别克品牌的一款车型,9.0,9,['f5b3e9d71d0afc0e950649922d3336ac04a906846b2f08df5376a95581005f7a4dc162a8e0752b33cb2f1edbce8734c2b9df2359b766c73b6f4302eef724527b']
948803f0-6cd9-45fe-9a27-5dc687b54539,213,前悬架减震器支架,材料疲劳微裂纹,前悬架减震器支架可能因材料疲劳产生微裂纹,8.0,6,['f5b3e9d71d0afc0e950649922d3336ac04a906846b2f08df5376a95581005f7a4dc162a8e0752b33cb2f1edbce8734c2b9df2359b766c73b6f4302eef724527b']
b8d76574-4b57-42a1-b0e6-3137d1f728d8,214,前悬架减震器支架,底盘系统,前悬架减震器支架是底盘系统的一部分,8.0,5,['f5b3e9d71d0afc0e950649922d3336ac04a906846b2f08df5376a95581005f7a4dc162a8e0752b33cb2f1edbce8734c2b9df2359b766c73b6f4302eef724527b']
197e7ea0-4166-4f60-ad17-459567565d77,215,材料疲劳微裂纹,更换强化版前悬架减震器支架,更换强化版前悬架减震器支架是解决材料疲劳微裂纹问题的维修措施,1.0,6,['f5b3e9d71d0afc0e950649922d3336ac04a906846b2f08df5376a95581005f7a4dc162a8e0752b33cb2f1edbce8734c2b9df2359b766c73b6f4302eef724527b']
1ceb6e9f-8f21-49a7-9c79-7abcb7b36871,216,材料疲劳微裂纹,行驶过程中出现异响,材料疲劳微裂纹可能导致车辆在行驶过程中出现异响,8.0,5,['f5b3e9d71d0afc0e950649922d3336ac04a906846b2f08df5376a95581005f7a4dc162a8e0752b33cb2f1edbce8734c2b9df2359b766c73b6f4302eef724527b']
9d7c17e4-bcbe-41f8-95d5-36905cba2b60,217,材料疲劳微裂纹,严重情况下可能影响车辆操控性,材料疲劳微裂纹可能在严重情况下影响车辆操控性,9.0,5,['f5b3e9d71d0afc0e950649922d3336ac04a906846b2f08df5376a95581005f7a4dc162a8e0752b33cb2f1edbce8734c2b9df2359b766c73b6f4302eef724527b']
8f2eaa45-b41d-4315-804f-e626073494a7,218,更换强化版前悬架减震器支架,B0078(S629)-前悬架减震器支架加固_维修通知.PDF,维修措施详细说明在维修通知PDF中,8.0,5,['f5b3e9d71d0afc0e950649922d3336ac04a906846b2f08df5376a95581005f7a4dc162a8e0752b33cb2f1edbce8734c2b9df2359b766c73b6f4302eef724527b']
4b5ce712-0228-4030-8b5a-f4ecd5875370,219,底盘系统,质量索赔,质量索赔涉及底盘系统的缺陷问题,7.0,5,['f5b3e9d71d0afc0e950649922d3336ac04a906846b2f08df5376a95581005f7a4dc162a8e0752b33cb2f1edbce8734c2b9df2359b766c73b6f4302eef724527b']
c16618c5-5683-4568-8f70-e8905e9aef4e,220,B0078(S629)-前悬架减震器支架加固_维修通知.PDF,2025-04-05,维修通知的提交时间为2025年4月5日,7.0,4,['f5b3e9d71d0afc0e950649922d3336ac04a906846b2f08df5376a95581005f7a4dc162a8e0752b33cb2f1edbce8734c2b9df2359b766c73b6f4302eef724527b']
743db3b8-83c7-4427-a906-a9656971c80d,221,B0078(S629)-前悬架减震器支架加固_维修通知.PDF,2022-10-12,维修通知的发布日期为2022年10月12日,1.0,4,['f5b3e9d71d0afc0e950649922d3336ac04a906846b2f08df5376a95581005f7a4dc162a8e0752b33cb2f1edbce8734c2b9df2359b766c73b6f4302eef724527b']
bd412e7c-1f83-420f-a2f5-afae373aa6c4,222,广州优品电器有限公司,广东省,广州优品电器有限公司位于广东省,8.0,7,['8352872b662eb010a382dcd31f4a128bf949c51700eaac4473a6829d82ef3a66a7384d19250420c747a5d7d1f50095f1b8d63c92f6a4df9e6f7d402f00015e09']
7f46898a-8b7b-4e5d-8ef8-5a73a9f03a1e,223,广州优品电器有限公司,消费品调查分析通知书,广东省局向广州优品电器有限公司送达了《消费品调查分析通知书》,7.0,5,['8352872b662eb010a382dcd31f4a128bf949c51700eaac4473a6829d82ef3a66a7384d19250420c747a5d7d1f50095f1b8d63c92f6a4df9e6f7d402f00015e09']
938d8b60-ca69-4d72-a346-4407a94c7861,224,广州优品电器有限公司,自查报告,广州优品电器有限公司已完成自查并提交检测报告,9.0,5,['8352872b662eb010a382dcd31f4a128bf949c51700eaac4473a6829d82ef3a66a7384d19250420c747a5d7d1f50095f1b8d63c92f6a4df9e6f7d402f00015e09']
5986bad0-a06c-4146-97d5-35c7f8f96399,225,广州优品电器有限公司,产品质量控制,建议广州优品电器有限公司加强产品质量控制,8.0,5,['8352872b662eb010a382dcd31f4a128bf949c51700eaac4473a6829d82ef3a66a7384d19250420c747a5d7d1f50095f1b8d63c92f6a4df9e6f7d402f00015e09']
e2d063fc-6a9b-447f-a0e8-16d1f3fdca7a,226,一汽丰田汽车有限公司,丰田,一汽丰田汽车有限公司负责生产丰田品牌的卡罗拉系列车型,9.0,3,['a78ffc1ee4126bdf4229637c372adc2624071322725a170052ac9a9cce646cbcfad010db89a6374cfc065b9f2d275b0cb2351adbcb0d8a835cede706769a2491']
7196d756-1695-4ace-a717-b33201b68ab8,227,丰田,卡罗拉系列,丰田品牌旗下的卡罗拉系列车型涉及混合动力系统故障问题,8.0,5,['a78ffc1ee4126bdf4229637c372adc2624071322725a170052ac9a9cce646cbcfad010db89a6374cfc065b9f2d275b0cb2351adbcb0d8a835cede706769a2491']
84d9a5bb-2ea2-42f6-bf47-d760ba3d5d70,228,卡罗拉系列,动力电池故障灯亮起,卡罗拉系列混动版车型出现动力电池故障灯亮起的问题,7.0,8,['a78ffc1ee4126bdf4229637c372adc2624071322725a170052ac9a9cce646cbcfad010db89a6374cfc065b9f2d275b0cb2351adbcb0d8a835cede706769a2491']
c5fc0fa0-3698-4366-821f-66ff95038ea1,229,卡罗拉系列,王五,消费者王五报告了卡罗拉系列混动版车型的动力电池故障问题,8.0,5,['a78ffc1ee4126bdf4229637c372adc2624071322725a170052ac9a9cce646cbcfad010db89a6374cfc065b9f2d275b0cb2351adbcb0d8a835cede706769a2491']
dfd071ce-e205-4f81-909e-02f86e843169,230,电控系统,动力电池故障灯亮起,电控系统故障导致动力电池故障灯亮起,8.0,6,['a78ffc1ee4126bdf4229637c372adc2624071322725a170052ac9a9cce646cbcfad010db89a6374cfc065b9f2d275b0cb2351adbcb0d8a835cede706769a2491']
a9f26d5c-ec3a-4186-b537-ecc4de4f4db9,231,动力电池故障灯亮起,温度传感器故障,动力电池故障灯亮起与温度传感器故障相关,8.0,7,['a78ffc1ee4126bdf4229637c372adc2624071322725a170052ac9a9cce646cbcfad010db89a6374cfc065b9f2d275b0cb2351adbcb0d8a835cede706769a2491']
00da3eb2-b667-474a-b1e0-11d87f02fca1,232,动力电池故障灯亮起,微信公众号,消费者通过微信公众号报告动力电池故障灯亮起的问题,7.0,6,['a78ffc1ee4126bdf4229637c372adc2624071322725a170052ac9a9cce646cbcfad010db89a6374cfc065b9f2d275b0cb2351adbcb0d8a835cede706769a2491']
ea0c5317-cfea-44e5-aa77-d669ab9bedec,233,动力电池故障灯亮起,广东省,广东省消费者报告动力电池故障灯亮起的问题,1.0,8,['a78ffc1ee4126bdf4229637c372adc2624071322725a170052ac9a9cce646cbcfad010db89a6374cfc065b9f2d275b0cb2351adbcb0d8a835cede706769a2491']
2f2651be-cfe9-46cd-beec-d7ed2c58a172,234,温度传感器故障,更换温度传感器及重置系统,温度传感器故障通过更换传感器及重置系统解决,9.0,4,['a78ffc1ee4126bdf4229637c372adc2624071322725a170052ac9a9cce646cbcfad010db89a6374cfc065b9f2d275b0cb2351adbcb0d8a835cede706769a2491']
7981129a-e1e9-40dd-a28c-0d5e008408ea,235,更换温度传感器及重置系统,混合动力系统故障,混合动力系统故障通过更换温度传感器及重置系统解决,8.0,3,['a78ffc1ee4126bdf4229637c372adc2624071322725a170052ac9a9cce646cbcfad010db89a6374cfc065b9f2d275b0cb2351adbcb0d8a835cede706769a2491']
82ec6c2b-e1cc-42a7-8dae-e82a18a2deb2,236,深圳市,王五,消费者王五居住在深圳市，提交了缺陷报告,7.0,3,['a78ffc1ee4126bdf4229637c372adc2624071322725a170052ac9a9cce646cbcfad010db89a6374cfc065b9f2d275b0cb2351adbcb0d8a835cede706769a2491']
1201b550-bf72-4805-b82a-86e039f44fb5,237,首次反馈已提交,DPAC_CHENXM,处理人dpac_chenxm负责提交缺陷报告的首次反馈,7.0,6,['a78ffc1ee4126bdf4229637c372adc2624071322725a170052ac9a9cce646cbcfad010db89a6374cfc065b9f2d275b0cb2351adbcb0d8a835cede706769a2491']
d5c69e60-0033-4e53-95e2-488bd36d5f48,238,首次反馈已提交,2025-06-15,缺陷报告的首次反馈提交时间为2025年6月15日,6.0,6,['a78ffc1ee4126bdf4229637c372adc2624071322725a170052ac9a9cce646cbcfad010db89a6374cfc065b9f2d275b0cb2351adbcb0d8a835cede706769a2491']
c3cfc184-8522-4fcf-bfbe-c84e65bde029,239,形式审查已完成,DPAC_ZHANGWJ,形式审查由dpac_zhangwj完成，评估通过,8.0,5,['a78ffc1ee4126bdf4229637c372adc2624071322725a170052ac9a9cce646cbcfad010db89a6374cfc065b9f2d275b0cb2351adbcb0d8a835cede706769a2491']
54eb7622-6c29-4134-9a1c-122e9c666219,240,形式审查已完成,2025-06-21,缺陷报告评估通过时间为2025年6月21日,6.0,5,['a78ffc1ee4126bdf4229637c372adc2624071322725a170052ac9a9cce646cbcfad010db89a6374cfc065b9f2d275b0cb2351adbcb0d8a835cede706769a2491']
edc7dded-80c7-45db-a6e8-11d77c670f47,241,形式审查已完成,2025-06-27,形式审查完成时间为2025年6月27日,1.0,5,['a78ffc1ee4126bdf4229637c372adc2624071322725a170052ac9a9cce646cbcfad010db89a6374cfc065b9f2d275b0cb2351adbcb0d8a835cede706769a2491']
7856738b-8eb7-4c81-8127-8ef44c0561bb,242,免费维修服务,三包期,车辆在三包期内，消费者享受免费维修服务,9.0,2,['a78ffc1ee4126bdf4229637c372adc2624071322725a170052ac9a9cce646cbcfad010db89a6374cfc065b9f2d275b0cb2351adbcb0d8a835cede706769a2491']
c97b115c-9c1a-4e26-8824-47d946516b74,243,混合动力系统故障灯,动力电池组温度异常,混合动力系统故障灯亮起与动力电池组温度异常相关,8.0,2,['a78ffc1ee4126bdf4229637c372adc2624071322725a170052ac9a9cce646cbcfad010db89a6374cfc065b9f2d275b0cb2351adbcb0d8a835cede706769a2491']
d0b1df6e-3074-41e7-94e3-e6b564d189ce,244,一汽-大众汽车有限公司,大众,一汽-大众汽车有限公司是大众品牌车型的生产商,8.0,7,['6cd3f80a42aadb0646807718032bbd6ecfc9cf1b81e27e400f14d0b1ab3412b5200cb5c88b35527494a03c5a79e24863fcda8e42d8100621a8d64482d28cb61c']
618adf5b-3434-4f0e-ba9a-3981a2eb3e1f,245,一汽-大众汽车有限公司,召回序号QCZH_20250301,此次召回由一汽-大众汽车有限公司实施,9.0,15,['6cd3f80a42aadb0646807718032bbd6ecfc9cf1b81e27e400f14d0b1ab3412b5200cb5c88b35527494a03c5a79e24863fcda8e42d8100621a8d64482d28cb61c']
9456c549-1336-4e90-a8b4-21add80a4dd6,246,大众,AUD-1C,AUD-1C是大众品牌的一款车型,7.0,6,['6cd3f80a42aadb0646807718032bbd6ecfc9cf1b81e27e400f14d0b1ab3412b5200cb5c88b35527494a03c5a79e24863fcda8e42d8100621a8d64482d28cb61c']
d40f96b0-85b5-4cba-9f5e-1e419e5b8c03,247,大众,召回序号QCZH_20250301,此次召回涉及大众品牌车辆,8.0,16,['6cd3f80a42aadb0646807718032bbd6ecfc9cf1b81e27e400f14d0b1ab3412b5200cb5c88b35527494a03c5a79e24863fcda8e42d8100621a8d64482d28cb61c']
4f6cd187-6d3e-45d2-b3f5-a8732a9dcb60,248,AUD-1C,召回序号QCZH_20250301,此次召回涉及AUD-1C车型,8.0,14,['6cd3f80a42aadb0646807718032bbd6ecfc9cf1b81e27e400f14d0b1ab3412b5200cb5c88b35527494a03c5a79e24863fcda8e42d8100621a8d64482d28cb61c']
ad213a5b-402d-44a0-86ea-6cb15a63df20,249,制动液压系统密封圈,密封圈老化,制动液压系统密封圈可能存在老化问题,9.0,7,['6cd3f80a42aadb0646807718032bbd6ecfc9cf1b81e27e400f14d0b1ab3412b5200cb5c88b35527494a03c5a79e24863fcda8e42d8100621a8d64482d28cb61c']
e94957ab-1fe1-4343-891b-01d1f19515e9,250,制动液压系统密封圈,召回序号QCZH_20250301,此次召回涉及制动液压系统密封圈问题,9.0,14,['6cd3f80a42aadb0646807718032bbd6ecfc9cf1b81e27e400f14d0b1ab3412b5200cb5c88b35527494a03c5a79e24863fcda8e42d8100621a8d64482d28cb61c']
940e68e4-349f-45c1-a74b-af087e34d318,251,密封圈老化,免费更换合格的制动系统密封圈,维修措施旨在解决密封圈老化问题,8.0,7,['6cd3f80a42aadb0646807718032bbd6ecfc9cf1b81e27e400f14d0b1ab3412b5200cb5c88b35527494a03c5a79e24863fcda8e42d8100621a8d64482d28cb61c']
cb333d83-4560-4966-bf57-98192ee64195,252,密封圈老化,减速慢行，避免紧急制动，尽快联系经销商,应急处置方法旨在减少密封圈老化带来的风险,7.0,7,['6cd3f80a42aadb0646807718032bbd6ecfc9cf1b81e27e400f14d0b1ab3412b5200cb5c88b35527494a03c5a79e24863fcda8e42d8100621a8d64482d28cb61c']
ee503f5f-e6ba-4d10-ba6e-5a253c1f644b,253,密封圈老化,更新密封圈材料规格,生产车辆改进措施旨在解决密封圈老化问题,8.0,7,['6cd3f80a42aadb0646807718032bbd6ecfc9cf1b81e27e400f14d0b1ab3412b5200cb5c88b35527494a03c5a79e24863fcda8e42d8100621a8d64482d28cb61c']
e44ba57c-6ad6-4059-b021-39c3769bbbea,254,密封圈老化,召回序号QCZH_20250301,此次召回的缺陷描述为密封圈老化,9.0,17,['6cd3f80a42aadb0646807718032bbd6ecfc9cf1b81e27e400f14d0b1ab3412b5200cb5c88b35527494a03c5a79e24863fcda8e42d8100621a8d64482d28cb61c']
ff85ddef-c3ee-4704-ad84-cb160aa71b03,255,免费更换合格的制动系统密封圈,召回序号QCZH_20250301,此次召回的维修措施包括免费更换合格的密封圈,8.0,14,['6cd3f80a42aadb0646807718032bbd6ecfc9cf1b81e27e400f14d0b1ab3412b5200cb5c88b35527494a03c5a79e24863fcda8e42d8100621a8d64482d28cb61c']
fed1aba5-7e43-42e1-9bc9-fac9e2e61d59,256,减速慢行，避免紧急制动，尽快联系经销商,召回序号QCZH_20250301,此次召回的应急处置方法包括减速慢行并联系经销商,7.0,14,['6cd3f80a42aadb0646807718032bbd6ecfc9cf1b81e27e400f14d0b1ab3412b5200cb5c88b35527494a03c5a79e24863fcda8e42d8100621a8d64482d28cb61c']
a9857053-1f14-4cdd-ba2f-05d437a3996f,257,更新密封圈材料规格,召回序号QCZH_20250301,此次召回的生产车辆改进措施包括更新密封圈材料规格,8.0,14,['6cd3f80a42aadb0646807718032bbd6ecfc9cf1b81e27e400f14d0b1ab3412b5200cb5c88b35527494a03c5a79e24863fcda8e42d8100621a8d64482d28cb61c']
a69a8edd-41f1-4ea7-84a1-7e6854650751,258,短信,电话,短信和电话是车主通知方式的一部分,6.0,3,['6cd3f80a42aadb0646807718032bbd6ecfc9cf1b81e27e400f14d0b1ab3412b5200cb5c88b35527494a03c5a79e24863fcda8e42d8100621a8d64482d28cb61c']
1827260a-ba4f-4ab0-b6b3-f5c2719d70a5,259,短信,服务热线（座机拨打）: 400,短信和服务热线是车主通知方式的一部分,6.0,3,['6cd3f80a42aadb0646807718032bbd6ecfc9cf1b81e27e400f14d0b1ab3412b5200cb5c88b35527494a03c5a79e24863fcda8e42d8100621a8d64482d28cb61c']
82670783-aed5-4d73-ba7e-1e71da20e629,260,WWW.SAMRDPRC.ORG.CN,微信公众号（SAMRDPRC）,用户可通过网站和微信公众号了解更多信息,7.0,5,['6cd3f80a42aadb0646807718032bbd6ecfc9cf1b81e27e400f14d0b1ab3412b5200cb5c88b35527494a03c5a79e24863fcda8e42d8100621a8d64482d28cb61c']
bf58b911-e66d-4ead-83d2-98c4eb3885e1,261,WWW.SAMRDPRC.ORG.CN,国家市场监督管理总局缺陷产品召回技术中心热线电话：010-59799616,用户可通过网站和热线电话反映问题或提交线索,1.0,5,['6cd3f80a42aadb0646807718032bbd6ecfc9cf1b81e27e400f14d0b1ab3412b5200cb5c88b35527494a03c5a79e24863fcda8e42d8100621a8d64482d28cb61c']
ab71ff4d-2b09-408f-b7a1-f6f082cbd802,262,WWW.SAMRDPRC.ORG.CN,召回公告附件,用户可通过网站和召回公告附件了解更多信息,7.0,7,['6cd3f80a42aadb0646807718032bbd6ecfc9cf1b81e27e400f14d0b1ab3412b5200cb5c88b35527494a03c5a79e24863fcda8e42d8100621a8d64482d28cb61c']
c379ce93-61ee-4fd4-8e7f-9b53837f1943,263,微信公众号（SAMRDPRC）,召回公告附件,用户可通过微信公众号和召回公告附件了解更多信息,7.0,6,['6cd3f80a42aadb0646807718032bbd6ecfc9cf1b81e27e400f14d0b1ab3412b5200cb5c88b35527494a03c5a79e24863fcda8e42d8100621a8d64482d28cb61c']
f042d170-95a1-4375-a144-e4235be054a9,264,国家市场监督管理总局缺陷产品召回技术中心热线电话：010-59799616,召回公告附件,用户可通过热线电话和召回公告附件反映问题或提交线索,7.0,6,['6cd3f80a42aadb0646807718032bbd6ecfc9cf1b81e27e400f14d0b1ab3412b5200cb5c88b35527494a03c5a79e24863fcda8e42d8100621a8d64482d28cb61c']
1dbcdb60-4d9b-41e1-a415-f73a65776659,265,投诉索赔情况5件,召回序号QCZH_20250301,此次召回事件中记录了5件投诉索赔情况,6.0,13,['6cd3f80a42aadb0646807718032bbd6ecfc9cf1b81e27e400f14d0b1ab3412b5200cb5c88b35527494a03c5a79e24863fcda8e42d8100621a8d64482d28cb61c']
225ad548-50c2-4db3-b777-5d84b214711d,266,事故及人员伤亡情况无,召回序号QCZH_20250301,此次召回事件中未记录任何事故及人员伤亡情况,6.0,13,['6cd3f80a42aadb0646807718032bbd6ecfc9cf1b81e27e400f14d0b1ab3412b5200cb5c88b35527494a03c5a79e24863fcda8e42d8100621a8d64482d28cb61c']
278390ad-0d78-40bc-87ab-309f3572dc77,267,通知车主时间,召回序号QCZH_20250301,此次召回事件明确了车主通知时间和方式,7.0,16,['6cd3f80a42aadb0646807718032bbd6ecfc9cf1b81e27e400f14d0b1ab3412b5200cb5c88b35527494a03c5a79e24863fcda8e42d8100621a8d64482d28cb61c']
b40c59ce-eb80-49e9-9712-61aae3c2705e,268,召回公告附件,召回序号QCZH_20250301,用户可通过召回公告附件了解更多信息,7.0,16,['6cd3f80a42aadb0646807718032bbd6ecfc9cf1b81e27e400f14d0b1ab3412b5200cb5c88b35527494a03c5a79e24863fcda8e42d8100621a8d64482d28cb61c']
c63dc4aa-b41e-4e6f-a6c9-a17a657e7e14,269,张伟,交通事故,张伟在驾车时因交通事故受伤,8.0,12,['b454fdb3424e9315fdf1f60a4a4ef58cfd7612d446c32c71b60cec7d54d02d8d7495464da04af2e93e5d1bf94425c7632e2855a42baaa427ea5094f65137a3d8']
a8825cc6-ad8f-41cb-8dd3-18f411d37cbf,270,张伟,挫伤,张伟因交通事故导致头部挫伤,9.0,9,['b454fdb3424e9315fdf1f60a4a4ef58cfd7612d446c32c71b60cec7d54d02d8d7495464da04af2e93e5d1bf94425c7632e2855a42baaa427ea5094f65137a3d8']
2ce9c9b7-f1fc-4098-b2a9-84ecbda9ae15,271,张伟,轻度脑震荡,张伟因交通事故导致轻度脑震荡,9.0,9,['b454fdb3424e9315fdf1f60a4a4ef58cfd7612d446c32c71b60cec7d54d02d8d7495464da04af2e93e5d1bf94425c7632e2855a42baaa427ea5094f65137a3d8']
3605508a-336b-4c7d-aee9-1c50e9bc0c06,272,张伟,康复出院,张伟的伤害结局为康复出院,8.0,9,['b454fdb3424e9315fdf1f60a4a4ef58cfd7612d446c32c71b60cec7d54d02d8d7495464da04af2e93e5d1bf94425c7632e2855a42baaa427ea5094f65137a3d8']
b4907b3c-b757-4a5e-87dc-bee6d702878a,273,张伟,急诊科,急诊科负责处理张伟的伤害事件,1.0,9,['b454fdb3424e9315fdf1f60a4a4ef58cfd7612d446c32c71b60cec7d54d02d8d7495464da04af2e93e5d1bf94425c7632e2855a42baaa427ea5094f65137a3d8']
780f4a13-fe10-43de-b6dd-052c9eb3ae1b,274,张伟,江苏省,张伟的户籍所在地为江苏省,7.0,10,['b454fdb3424e9315fdf1f60a4a4ef58cfd7612d446c32c71b60cec7d54d02d8d7495464da04af2e93e5d1bf94425c7632e2855a42baaa427ea5094f65137a3d8']
ff87191a-4f3c-4314-93d7-d7367233d7a6,275,张伟,未饮酒,张伟在交通事故发生时未饮酒,8.0,11,['b454fdb3424e9315fdf1f60a4a4ef58cfd7612d446c32c71b60cec7d54d02d8d7495464da04af2e93e5d1bf94425c7632e2855a42baaa427ea5094f65137a3d8']
f7f215a9-b2a6-4626-b20e-5e3ae535f812,276,张伟,13812345678,张伟的联系电话为13812345678,1.0,9,['b454fdb3424e9315fdf1f60a4a4ef58cfd7612d446c32c71b60cec7d54d02d8d7495464da04af2e93e5d1bf94425c7632e2855a42baaa427ea5094f65137a3d8']
7e865d17-1578-4a75-87d6-4df41ae9b15d,277,交通事故,摩托车,交通事故与摩托车直接相关,7.0,5,['b454fdb3424e9315fdf1f60a4a4ef58cfd7612d446c32c71b60cec7d54d02d8d7495464da04af2e93e5d1bf94425c7632e2855a42baaa427ea5094f65137a3d8']
aea48f80-ad48-4bc1-a33d-1b0b9727bea1,278,交通事故,道路,交通事故发生在道路上,8.0,5,['b454fdb3424e9315fdf1f60a4a4ef58cfd7612d446c32c71b60cec7d54d02d8d7495464da04af2e93e5d1bf94425c7632e2855a42baaa427ea5094f65137a3d8']
a04a0140-d3fa-4d6a-bbb4-4e4f0a1fbfd7,279,交通事故,驾车,交通事故发生时张伟正在驾车,9.0,5,['b454fdb3424e9315fdf1f60a4a4ef58cfd7612d446c32c71b60cec7d54d02d8d7495464da04af2e93e5d1bf94425c7632e2855a42baaa427ea5094f65137a3d8']
